environment,label,source,inputUrl,inputPath,initialStatus,initialLocation,finalUrl,finalPath,finalStatus,redirectCount,redirectType,isInSitemapInitial,isInSitemapFinal,hasNoindex,canonicalUrl,classification,attempts,transientRecovered
live-wordpress,Old Live WordPress,wordpress-current-sitemap,https://delpasqua.com/checkout/,/checkout/,302,https://delpasqua.com/cart/,https://delpasqua.com/cart/,/cart/,200,1,temporary,true,true,true,https://delpasqua.com/cart/,WP_CURRENT_REDIRECT,2,false
live-wordpress,Old Live WordPress,wordpress-current-sitemap,https://delpasqua.com/my-account/,/my-account/,200,,https://delpasqua.com/my-account/,/my-account/,200,0,none,true,true,true,https://delpasqua.com/my-account/,WP_CURRENT_TECHNICAL_ROUTE,1,false
live-wordpress,Old Live WordPress,wordpress-current-sitemap,https://delpasqua.com/zblog-list-2/,/zblog-list-2/,200,,https://delpasqua.com/zblog-list-2/,/zblog-list-2/,200,0,none,true,true,false,https://delpasqua.com/zblog-list-2/,WP_CURRENT_PAGE,1,false
live-wordpress,Old Live WordPress,wordpress-current-sitemap,https://delpasqua.com/,/,200,,https://delpasqua.com/,/,200,0,none,true,true,false,https://delpasqua.com/,WP_CURRENT_PAGE,1,false
live-wordpress,Old Live WordPress,wordpress-current-sitemap,https://delpasqua.com/storia/,/storia/,200,,https://delpasqua.com/storia/,/storia/,200,0,none,true,true,false,https://delpasqua.com/storia/,WP_CURRENT_PAGE,1,false
live-wordpress,Old Live WordPress,wordpress-current-sitemap,https://delpasqua.com/produzione/,/produzione/,200,,https://delpasqua.com/produzione/,/produzione/,200,0,none,true,true,false,https://delpasqua.com/produzione/,WP_CURRENT_PAGE,1,false
live-wordpress,Old Live WordPress,wordpress-current-sitemap,https://delpasqua.com/il-nostro-olio/,/il-nostro-olio/,200,,https://delpasqua.com/il-nostro-olio/,/il-nostro-olio/,200,0,none,true,true,false,https://delpasqua.com/il-nostro-olio/,WP_CURRENT_PAGE,1,false
live-wordpress,Old Live WordPress,wordpress-current-sitemap,https://delpasqua.com/contatti/,/contatti/,200,,https://delpasqua.com/contatti/,/contatti/,200,0,none,true,true,false,https://delpasqua.com/contatti/,WP_CURRENT_PAGE,1,false
live-wordpress,Old Live WordPress,wordpress-current-sitemap,https://delpasqua.com/acquista/,/acquista/,200,,https://delpasqua.com/acquista/,/acquista/,200,0,none,true,true,false,https://delpasqua.com/acquista/,WP_CURRENT_PAGE,1,false
live-wordpress,Old Live WordPress,wordpress-current-sitemap,https://delpasqua.com/cart/,/cart/,200,,https://delpasqua.com/cart/,/cart/,200,0,none,true,true,true,https://delpasqua.com/cart/,WP_CURRENT_TECHNICAL_ROUTE,1,false
live-wordpress,Old Live WordPress,wordpress-current-sitemap,https://delpasqua.com/privacy-policy/,/privacy-policy/,200,,https://delpasqua.com/privacy-policy/,/privacy-policy/,200,0,none,true,true,false,https://delpasqua.com/privacy-policy/,WP_CURRENT_PAGE,1,false
live-wordpress,Old Live WordPress,wordpress-current-sitemap,https://delpasqua.com/condizioni-generali-di-vendita/,/condizioni-generali-di-vendita/,200,,https://delpasqua.com/condizioni-generali-di-vendita/,/condizioni-generali-di-vendita/,200,0,none,true,true,false,https://delpasqua.com/condizioni-generali-di-vendita/,WP_CURRENT_PAGE,1,false
live-wordpress,Old Live WordPress,wordpress-current-sitemap,https://delpasqua.com/cookie-policy/,/cookie-policy/,200,,https://delpasqua.com/cookie-policy/,/cookie-policy/,200,0,none,true,true,false,https://delpasqua.com/cookie-policy/,WP_CURRENT_PAGE,1,false
live-wordpress,Old Live WordPress,wordpress-current-sitemap,https://delpasqua.com/portfolio-item/white-wine-4-2/,/portfolio-item/white-wine-4-2/,200,,https://delpasqua.com/portfolio-item/white-wine-4-2/,/portfolio-item/white-wine-4-2/,200,0,none,true,true,false,https://delpasqua.com/portfolio-item/white-wine-4-2/,WP_CURRENT_PORTFOLIO,1,false
live-wordpress,Old Live WordPress,wordpress-current-sitemap,https://delpasqua.com/portfolio-item/red-wine-3/,/portfolio-item/red-wine-3/,200,,https://delpasqua.com/portfolio-item/red-wine-3/,/portfolio-item/red-wine-3/,200,0,none,true,true,false,https://delpasqua.com/portfolio-item/red-wine-3/,WP_CURRENT_PORTFOLIO,1,false
live-wordpress,Old Live WordPress,wordpress-current-sitemap,https://delpasqua.com/portfolio-item/the-winery-3/,/portfolio-item/the-winery-3/,200,,https://delpasqua.com/portfolio-item/the-winery-3/,/portfolio-item/the-winery-3/,200,0,none,true,true,false,https://delpasqua.com/portfolio-item/the-winery-3/,WP_CURRENT_PORTFOLIO,1,false
live-wordpress,Old Live WordPress,wordpress-current-sitemap,https://delpasqua.com/portfolio-item/wineyards-3/,/portfolio-item/wineyards-3/,200,,https://delpasqua.com/portfolio-item/wineyards-3/,/portfolio-item/wineyards-3/,200,0,none,true,true,false,https://delpasqua.com/portfolio-item/wineyards-3/,WP_CURRENT_PORTFOLIO,1,false
live-wordpress,Old Live WordPress,wordpress-current-sitemap,https://delpasqua.com/portfolio-item/wine-shop-4/,/portfolio-item/wine-shop-4/,200,,https://delpasqua.com/portfolio-item/wine-shop-4/,/portfolio-item/wine-shop-4/,200,0,none,true,true,false,https://delpasqua.com/portfolio-item/wine-shop-4/,WP_CURRENT_PORTFOLIO,1,false
live-wordpress,Old Live WordPress,wordpress-current-sitemap,https://delpasqua.com/portfolio-item/wine-club-3/,/portfolio-item/wine-club-3/,200,,https://delpasqua.com/portfolio-item/wine-club-3/,/portfolio-item/wine-club-3/,200,0,none,true,true,false,https://delpasqua.com/portfolio-item/wine-club-3/,WP_CURRENT_PORTFOLIO,1,false
live-wordpress,Old Live WordPress,wordpress-current-sitemap,https://delpasqua.com/portfolio-item/desert-wine-3-2/,/portfolio-item/desert-wine-3-2/,200,,https://delpasqua.com/portfolio-item/desert-wine-3-2/,/portfolio-item/desert-wine-3-2/,200,0,none,true,true,false,https://delpasqua.com/portfolio-item/desert-wine-3-2/,WP_CURRENT_PORTFOLIO,1,false
live-wordpress,Old Live WordPress,wordpress-current-sitemap,https://delpasqua.com/portfolio-item/green-wine-2/,/portfolio-item/green-wine-2/,200,,https://delpasqua.com/portfolio-item/green-wine-2/,/portfolio-item/green-wine-2/,200,0,none,true,true,false,https://delpasqua.com/portfolio-item/green-wine-2/,WP_CURRENT_PORTFOLIO,1,false
live-wordpress,Old Live WordPress,wordpress-current-sitemap,https://delpasqua.com/portfolio-item/white-wine-2/,/portfolio-item/white-wine-2/,200,,https://delpasqua.com/portfolio-item/white-wine-2/,/portfolio-item/white-wine-2/,200,0,none,true,true,false,https://delpasqua.com/portfolio-item/white-wine-2/,WP_CURRENT_PORTFOLIO,1,false
live-wordpress,Old Live WordPress,wordpress-current-sitemap,https://delpasqua.com/portfolio-item/desert-wine/,/portfolio-item/desert-wine/,200,,https://delpasqua.com/portfolio-item/desert-wine/,/portfolio-item/desert-wine/,200,0,none,true,true,false,https://delpasqua.com/portfolio-item/desert-wine/,WP_CURRENT_PORTFOLIO,1,false
live-wordpress,Old Live WordPress,wordpress-current-sitemap,https://delpasqua.com/portfolio-item/red-wine/,/portfolio-item/red-wine/,200,,https://delpasqua.com/portfolio-item/red-wine/,/portfolio-item/red-wine/,200,0,none,true,true,false,https://delpasqua.com/portfolio-item/red-wine/,WP_CURRENT_PORTFOLIO,1,false
live-wordpress,Old Live WordPress,wordpress-current-sitemap,https://delpasqua.com/portfolio-item/wine-club/,/portfolio-item/wine-club/,200,,https://delpasqua.com/portfolio-item/wine-club/,/portfolio-item/wine-club/,200,0,none,true,true,false,https://delpasqua.com/portfolio-item/wine-club/,WP_CURRENT_PORTFOLIO,1,false
live-wordpress,Old Live WordPress,wordpress-current-sitemap,https://delpasqua.com/portfolio-item/wineyards/,/portfolio-item/wineyards/,200,,https://delpasqua.com/portfolio-item/wineyards/,/portfolio-item/wineyards/,200,0,none,true,true,false,https://delpasqua.com/portfolio-item/wineyards/,WP_CURRENT_PORTFOLIO,1,false
live-wordpress,Old Live WordPress,wordpress-current-sitemap,https://delpasqua.com/portfolio-item/wine-shop/,/portfolio-item/wine-shop/,200,,https://delpasqua.com/portfolio-item/wine-shop/,/portfolio-item/wine-shop/,200,0,none,true,true,false,https://delpasqua.com/portfolio-item/wine-shop/,WP_CURRENT_PORTFOLIO,1,false
live-wordpress,Old Live WordPress,wordpress-current-sitemap,https://delpasqua.com/portfolio-item/the-winery/,/portfolio-item/the-winery/,200,,https://delpasqua.com/portfolio-item/the-winery/,/portfolio-item/the-winery/,200,0,none,true,true,false,https://delpasqua.com/portfolio-item/the-winery/,WP_CURRENT_PORTFOLIO,1,false
live-wordpress,Old Live WordPress,wordpress-current-sitemap,https://delpasqua.com/portfolio-item/white-wine/,/portfolio-item/white-wine/,200,,https://delpasqua.com/portfolio-item/white-wine/,/portfolio-item/white-wine/,200,0,none,true,true,false,https://delpasqua.com/portfolio-item/white-wine/,WP_CURRENT_PORTFOLIO,1,false
live-wordpress,Old Live WordPress,wordpress-current-sitemap,https://delpasqua.com/portfolio-item/desert-wine-3/,/portfolio-item/desert-wine-3/,200,,https://delpasqua.com/portfolio-item/desert-wine-3/,/portfolio-item/desert-wine-3/,200,0,none,true,true,false,https://delpasqua.com/portfolio-item/desert-wine-3/,WP_CURRENT_PORTFOLIO,1,false
live-wordpress,Old Live WordPress,wordpress-current-sitemap,https://delpasqua.com/portfolio-item/green-wine/,/portfolio-item/green-wine/,200,,https://delpasqua.com/portfolio-item/green-wine/,/portfolio-item/green-wine/,200,0,none,true,true,false,https://delpasqua.com/portfolio-item/green-wine/,WP_CURRENT_PORTFOLIO,1,false
live-wordpress,Old Live WordPress,wordpress-current-sitemap,https://delpasqua.com/portfolio-item/desert-wine-2/,/portfolio-item/desert-wine-2/,200,,https://delpasqua.com/portfolio-item/desert-wine-2/,/portfolio-item/desert-wine-2/,200,0,none,true,true,false,https://delpasqua.com/portfolio-item/desert-wine-2/,WP_CURRENT_PORTFOLIO,1,false
live-wordpress,Old Live WordPress,wordpress-current-sitemap,https://delpasqua.com/portfolio-item/the-winery-2/,/portfolio-item/the-winery-2/,200,,https://delpasqua.com/portfolio-item/the-winery-2/,/portfolio-item/the-winery-2/,200,0,none,true,true,false,https://delpasqua.com/portfolio-item/the-winery-2/,WP_CURRENT_PORTFOLIO,1,false
live-wordpress,Old Live WordPress,wordpress-current-sitemap,https://delpasqua.com/portfolio-item/wine-club-2/,/portfolio-item/wine-club-2/,200,,https://delpasqua.com/portfolio-item/wine-club-2/,/portfolio-item/wine-club-2/,200,0,none,true,true,false,https://delpasqua.com/portfolio-item/wine-club-2/,WP_CURRENT_PORTFOLIO,1,false
live-wordpress,Old Live WordPress,wordpress-current-sitemap,https://delpasqua.com/portfolio-item/wineyards-2/,/portfolio-item/wineyards-2/,200,,https://delpasqua.com/portfolio-item/wineyards-2/,/portfolio-item/wineyards-2/,200,0,none,true,true,false,https://delpasqua.com/portfolio-item/wineyards-2/,WP_CURRENT_PORTFOLIO,1,false
live-wordpress,Old Live WordPress,wordpress-current-sitemap,https://delpasqua.com/portfolio-item/wine-shop-2/,/portfolio-item/wine-shop-2/,200,,https://delpasqua.com/portfolio-item/wine-shop-2/,/portfolio-item/wine-shop-2/,200,0,none,true,true,false,https://delpasqua.com/portfolio-item/wine-shop-2/,WP_CURRENT_PORTFOLIO,1,false
live-wordpress,Old Live WordPress,wordpress-current-sitemap,https://delpasqua.com/portfolio-item/red-wine-2/,/portfolio-item/red-wine-2/,200,,https://delpasqua.com/portfolio-item/red-wine-2/,/portfolio-item/red-wine-2/,200,0,none,true,true,false,https://delpasqua.com/portfolio-item/red-wine-2/,WP_CURRENT_PORTFOLIO,1,false
live-wordpress,Old Live WordPress,wordpress-current-sitemap,https://delpasqua.com/portfolio-item/white-wine-4/,/portfolio-item/white-wine-4/,200,,https://delpasqua.com/portfolio-item/white-wine-4/,/portfolio-item/white-wine-4/,200,0,none,true,true,false,https://delpasqua.com/portfolio-item/white-wine-4/,WP_CURRENT_PORTFOLIO,1,false
live-wordpress,Old Live WordPress,wordpress-current-sitemap,https://delpasqua.com/portfolio-item/white-wine-3/,/portfolio-item/white-wine-3/,200,,https://delpasqua.com/portfolio-item/white-wine-3/,/portfolio-item/white-wine-3/,200,0,none,true,true,false,https://delpasqua.com/portfolio-item/white-wine-3/,WP_CURRENT_PORTFOLIO,1,false
live-wordpress,Old Live WordPress,wordpress-current-sitemap,https://delpasqua.com/product/olio-extravergine-di-oliva-fruttato-intenso-100-italiano/,/product/olio-extravergine-di-oliva-fruttato-intenso-100-italiano/,200,,https://delpasqua.com/product/olio-extravergine-di-oliva-fruttato-intenso-100-italiano/,/product/olio-extravergine-di-oliva-fruttato-intenso-100-italiano/,200,0,none,true,true,false,https://delpasqua.com/product/olio-extravergine-di-oliva-fruttato-intenso-100-italiano/,WP_CURRENT_PRODUCT,1,false
live-wordpress,Old Live WordPress,wordpress-current-sitemap,https://delpasqua.com/product/olio-extravergine-di-oliva-fruttato-medio-100-italiano/,/product/olio-extravergine-di-oliva-fruttato-medio-100-italiano/,200,,https://delpasqua.com/product/olio-extravergine-di-oliva-fruttato-medio-100-italiano/,/product/olio-extravergine-di-oliva-fruttato-medio-100-italiano/,200,0,none,true,true,false,https://delpasqua.com/product/olio-extravergine-di-oliva-fruttato-medio-100-italiano/,WP_CURRENT_PRODUCT,1,false
live-wordpress,Old Live WordPress,wordpress-current-sitemap,https://delpasqua.com/product/olio-extravergine-di-oliva-evo/,/product/olio-extravergine-di-oliva-evo/,200,,https://delpasqua.com/product/olio-extravergine-di-oliva-evo/,/product/olio-extravergine-di-oliva-evo/,200,0,none,true,true,false,https://delpasqua.com/product/olio-extravergine-di-oliva-evo/,WP_CURRENT_PRODUCT,1,false
live-wordpress,Old Live WordPress,wordpress-current-sitemap,https://delpasqua.com/product/olio-aromatizzato-al-tartufo/,/product/olio-aromatizzato-al-tartufo/,200,,https://delpasqua.com/product/olio-aromatizzato-al-tartufo/,/product/olio-aromatizzato-al-tartufo/,200,0,none,true,true,false,https://delpasqua.com/product/olio-aromatizzato-al-tartufo/,WP_CURRENT_PRODUCT,1,false
live-wordpress,Old Live WordPress,wordpress-current-sitemap,https://delpasqua.com/product/olio-aromatico-al-limone/,/product/olio-aromatico-al-limone/,200,,https://delpasqua.com/product/olio-aromatico-al-limone/,/product/olio-aromatico-al-limone/,200,0,none,true,true,false,https://delpasqua.com/product/olio-aromatico-al-limone/,WP_CURRENT_PRODUCT,1,false
live-wordpress,Old Live WordPress,wordpress-current-sitemap,https://delpasqua.com/product/olio-aromatico-al-peperoncino/,/product/olio-aromatico-al-peperoncino/,200,,https://delpasqua.com/product/olio-aromatico-al-peperoncino/,/product/olio-aromatico-al-peperoncino/,200,0,none,true,true,false,https://delpasqua.com/product/olio-aromatico-al-peperoncino/,WP_CURRENT_PRODUCT,1,false
live-wordpress,Old Live WordPress,wordpress-current-sitemap,https://delpasqua.com/portfolio-category/details/,/portfolio-category/details/,200,,https://delpasqua.com/portfolio-category/details/,/portfolio-category/details/,200,0,none,true,true,false,,WP_CURRENT_TAXONOMY,1,false
live-wordpress,Old Live WordPress,wordpress-current-sitemap,https://delpasqua.com/portfolio-category/nature/,/portfolio-category/nature/,200,,https://delpasqua.com/portfolio-category/nature/,/portfolio-category/nature/,200,0,none,true,true,false,,WP_CURRENT_TAXONOMY,1,false
live-wordpress,Old Live WordPress,wordpress-current-sitemap,https://delpasqua.com/portfolio-category/photogrpahy/,/portfolio-category/photogrpahy/,200,,https://delpasqua.com/portfolio-category/photogrpahy/,/portfolio-category/photogrpahy/,200,0,none,true,true,false,,WP_CURRENT_TAXONOMY,1,false
live-wordpress,Old Live WordPress,wordpress-current-sitemap,https://delpasqua.com/portfolio-category/wine/,/portfolio-category/wine/,200,,https://delpasqua.com/portfolio-category/wine/,/portfolio-category/wine/,200,0,none,true,true,false,,WP_CURRENT_TAXONOMY,1,false
live-wordpress,Old Live WordPress,wordpress-current-sitemap,https://delpasqua.com/portfolio-tag/blanc-winery/,/portfolio-tag/blanc-winery/,200,,https://delpasqua.com/portfolio-tag/blanc-winery/,/portfolio-tag/blanc-winery/,200,0,none,true,true,false,,WP_CURRENT_TAXONOMY,1,false
live-wordpress,Old Live WordPress,wordpress-current-sitemap,https://delpasqua.com/portfolio-tag/countryside-bay/,/portfolio-tag/countryside-bay/,200,,https://delpasqua.com/portfolio-tag/countryside-bay/,/portfolio-tag/countryside-bay/,200,0,none,true,true,false,,WP_CURRENT_TAXONOMY,1,false
live-wordpress,Old Live WordPress,wordpress-current-sitemap,https://delpasqua.com/portfolio-tag/organic-company/,/portfolio-tag/organic-company/,200,,https://delpasqua.com/portfolio-tag/organic-company/,/portfolio-tag/organic-company/,200,0,none,true,true,false,,WP_CURRENT_TAXONOMY,1,false
live-wordpress,Old Live WordPress,wordpress-current-sitemap,https://delpasqua.com/portfolio-tag/organic-winery/,/portfolio-tag/organic-winery/,200,,https://delpasqua.com/portfolio-tag/organic-winery/,/portfolio-tag/organic-winery/,200,0,none,true,true,false,,WP_CURRENT_TAXONOMY,1,false
live-wordpress,Old Live WordPress,wordpress-current-sitemap,https://delpasqua.com/product-category/magnifico/,/product-category/magnifico/,200,,https://delpasqua.com/product-category/magnifico/,/product-category/magnifico/,200,0,none,true,true,false,,WP_CURRENT_TAXONOMY,1,false
live-wordpress,Old Live WordPress,wordpress-current-sitemap,https://delpasqua.com/product-category/aromatici/,/product-category/aromatici/,200,,https://delpasqua.com/product-category/aromatici/,/product-category/aromatici/,200,0,none,true,true,false,,WP_CURRENT_TAXONOMY,1,false
local,New Local Project,local-project-sitemap,http://localhost:3000/,/,200,,http://localhost:3000/,/,200,0,none,true,true,false,http://localhost:3000/,LOCAL_INDEXABLE_200,1,false
local,New Local Project,local-project-sitemap,http://localhost:3000/en/,/en/,200,,http://localhost:3000/en/,/en/,200,0,none,true,true,false,http://localhost:3000/en/,LOCAL_INDEXABLE_200,1,false
local,New Local Project,local-project-sitemap,http://localhost:3000/de/,/de/,200,,http://localhost:3000/de/,/de/,200,0,none,true,true,false,http://localhost:3000/de/,LOCAL_INDEXABLE_200,1,false
local,New Local Project,local-project-sitemap,http://localhost:3000/nl/,/nl/,200,,http://localhost:3000/nl/,/nl/,200,0,none,true,true,false,http://localhost:3000/nl/,LOCAL_INDEXABLE_200,1,false
local,New Local Project,local-project-sitemap,http://localhost:3000/da/,/da/,200,,http://localhost:3000/da/,/da/,200,0,none,true,true,false,http://localhost:3000/da/,LOCAL_INDEXABLE_200,1,false
local,New Local Project,local-project-sitemap,http://localhost:3000/no/,/no/,200,,http://localhost:3000/no/,/no/,200,0,none,true,true,false,http://localhost:3000/no/,LOCAL_INDEXABLE_200,1,false
local,New Local Project,local-project-sitemap,http://localhost:3000/storia/,/storia/,200,,http://localhost:3000/storia/,/storia/,200,0,none,true,true,false,http://localhost:3000/storia/,LOCAL_INDEXABLE_200,1,false
local,New Local Project,local-project-sitemap,http://localhost:3000/en/about-us/,/en/about-us/,200,,http://localhost:3000/en/about-us/,/en/about-us/,200,0,none,true,true,false,http://localhost:3000/en/about-us/,LOCAL_INDEXABLE_200,1,false
local,New Local Project,local-project-sitemap,http://localhost:3000/de/ueber-uns/,/de/ueber-uns/,200,,http://localhost:3000/de/ueber-uns/,/de/ueber-uns/,200,0,none,true,true,false,http://localhost:3000/de/ueber-uns/,LOCAL_INDEXABLE_200,1,false
local,New Local Project,local-project-sitemap,http://localhost:3000/nl/over-ons/,/nl/over-ons/,200,,http://localhost:3000/nl/over-ons/,/nl/over-ons/,200,0,none,true,true,false,http://localhost:3000/nl/over-ons/,LOCAL_INDEXABLE_200,1,false
local,New Local Project,local-project-sitemap,http://localhost:3000/da/om-os/,/da/om-os/,200,,http://localhost:3000/da/om-os/,/da/om-os/,200,0,none,true,true,false,http://localhost:3000/da/om-os/,LOCAL_INDEXABLE_200,1,false
local,New Local Project,local-project-sitemap,http://localhost:3000/no/om-oss/,/no/om-oss/,200,,http://localhost:3000/no/om-oss/,/no/om-oss/,200,0,none,true,true,false,http://localhost:3000/no/om-oss/,LOCAL_INDEXABLE_200,1,false
local,New Local Project,local-project-sitemap,http://localhost:3000/produzione/,/produzione/,200,,http://localhost:3000/produzione/,/produzione/,200,0,none,true,true,false,http://localhost:3000/produzione/,LOCAL_INDEXABLE_200,1,false
local,New Local Project,local-project-sitemap,http://localhost:3000/en/production/,/en/production/,200,,http://localhost:3000/en/production/,/en/production/,200,0,none,true,true,false,http://localhost:3000/en/production/,LOCAL_INDEXABLE_200,1,false
local,New Local Project,local-project-sitemap,http://localhost:3000/de/produktion/,/de/produktion/,200,,http://localhost:3000/de/produktion/,/de/produktion/,200,0,none,true,true,false,http://localhost:3000/de/produktion/,LOCAL_INDEXABLE_200,1,false
local,New Local Project,local-project-sitemap,http://localhost:3000/nl/productie/,/nl/productie/,200,,http://localhost:3000/nl/productie/,/nl/productie/,200,0,none,true,true,false,http://localhost:3000/nl/productie/,LOCAL_INDEXABLE_200,1,false
local,New Local Project,local-project-sitemap,http://localhost:3000/da/produktion/,/da/produktion/,200,,http://localhost:3000/da/produktion/,/da/produktion/,200,0,none,true,true,false,http://localhost:3000/da/produktion/,LOCAL_INDEXABLE_200,1,false
local,New Local Project,local-project-sitemap,http://localhost:3000/no/produksjon/,/no/produksjon/,200,,http://localhost:3000/no/produksjon/,/no/produksjon/,200,0,none,true,true,false,http://localhost:3000/no/produksjon/,LOCAL_INDEXABLE_200,1,false
local,New Local Project,local-project-sitemap,http://localhost:3000/il-nostro-olio/,/il-nostro-olio/,200,,http://localhost:3000/il-nostro-olio/,/il-nostro-olio/,200,0,none,true,true,false,http://localhost:3000/il-nostro-olio/,LOCAL_INDEXABLE_200,1,false
local,New Local Project,local-project-sitemap,http://localhost:3000/en/olive-oil/,/en/olive-oil/,200,,http://localhost:3000/en/olive-oil/,/en/olive-oil/,200,0,none,true,true,false,http://localhost:3000/en/olive-oil/,LOCAL_INDEXABLE_200,1,false
local,New Local Project,local-project-sitemap,http://localhost:3000/de/olivenoel/,/de/olivenoel/,200,,http://localhost:3000/de/olivenoel/,/de/olivenoel/,200,0,none,true,true,false,http://localhost:3000/de/olivenoel/,LOCAL_INDEXABLE_200,1,false
local,New Local Project,local-project-sitemap,http://localhost:3000/nl/olijfolie/,/nl/olijfolie/,200,,http://localhost:3000/nl/olijfolie/,/nl/olijfolie/,200,0,none,true,true,false,http://localhost:3000/nl/olijfolie/,LOCAL_INDEXABLE_200,1,false
local,New Local Project,local-project-sitemap,http://localhost:3000/da/olivenolie/,/da/olivenolie/,200,,http://localhost:3000/da/olivenolie/,/da/olivenolie/,200,0,none,true,true,false,http://localhost:3000/da/olivenolie/,LOCAL_INDEXABLE_200,1,false
local,New Local Project,local-project-sitemap,http://localhost:3000/no/olivenolje/,/no/olivenolje/,200,,http://localhost:3000/no/olivenolje/,/no/olivenolje/,200,0,none,true,true,false,http://localhost:3000/no/olivenolje/,LOCAL_INDEXABLE_200,1,false
local,New Local Project,local-project-sitemap,http://localhost:3000/shop/,/shop/,200,,http://localhost:3000/shop/,/shop/,200,0,none,true,true,false,http://localhost:3000/shop/,LOCAL_INDEXABLE_200,1,false
local,New Local Project,local-project-sitemap,http://localhost:3000/en/shop/,/en/shop/,200,,http://localhost:3000/en/shop/,/en/shop/,200,0,none,true,true,false,http://localhost:3000/en/shop/,LOCAL_INDEXABLE_200,1,false
local,New Local Project,local-project-sitemap,http://localhost:3000/de/laden/,/de/laden/,200,,http://localhost:3000/de/laden/,/de/laden/,200,0,none,true,true,false,http://localhost:3000/de/laden/,LOCAL_INDEXABLE_200,1,false
local,New Local Project,local-project-sitemap,http://localhost:3000/nl/winkel/,/nl/winkel/,200,,http://localhost:3000/nl/winkel/,/nl/winkel/,200,0,none,true,true,false,http://localhost:3000/nl/winkel/,LOCAL_INDEXABLE_200,1,false
local,New Local Project,local-project-sitemap,http://localhost:3000/da/butik/,/da/butik/,200,,http://localhost:3000/da/butik/,/da/butik/,200,0,none,true,true,false,http://localhost:3000/da/butik/,LOCAL_INDEXABLE_200,1,false
local,New Local Project,local-project-sitemap,http://localhost:3000/no/butikk/,/no/butikk/,200,,http://localhost:3000/no/butikk/,/no/butikk/,200,0,none,true,true,false,http://localhost:3000/no/butikk/,LOCAL_INDEXABLE_200,1,false
local,New Local Project,local-project-sitemap,http://localhost:3000/acquista/,/acquista/,200,,http://localhost:3000/acquista/,/acquista/,200,0,none,true,true,false,http://localhost:3000/acquista/,LOCAL_INDEXABLE_200,1,false
local,New Local Project,local-project-sitemap,http://localhost:3000/en/buy/,/en/buy/,200,,http://localhost:3000/en/buy/,/en/buy/,200,0,none,true,true,false,http://localhost:3000/en/buy/,LOCAL_INDEXABLE_200,1,false
local,New Local Project,local-project-sitemap,http://localhost:3000/de/kaufen/,/de/kaufen/,200,,http://localhost:3000/de/kaufen/,/de/kaufen/,200,0,none,true,true,false,http://localhost:3000/de/kaufen/,LOCAL_INDEXABLE_200,1,false
local,New Local Project,local-project-sitemap,http://localhost:3000/nl/kopen/,/nl/kopen/,200,,http://localhost:3000/nl/kopen/,/nl/kopen/,200,0,none,true,true,false,http://localhost:3000/nl/kopen/,LOCAL_INDEXABLE_200,1,false
local,New Local Project,local-project-sitemap,http://localhost:3000/da/koeb/,/da/koeb/,200,,http://localhost:3000/da/koeb/,/da/koeb/,200,0,none,true,true,false,http://localhost:3000/da/koeb/,LOCAL_INDEXABLE_200,1,false
local,New Local Project,local-project-sitemap,http://localhost:3000/no/kjop/,/no/kjop/,200,,http://localhost:3000/no/kjop/,/no/kjop/,200,0,none,true,true,false,http://localhost:3000/no/kjop/,LOCAL_INDEXABLE_200,1,false
local,New Local Project,local-project-sitemap,http://localhost:3000/contatti/,/contatti/,200,,http://localhost:3000/contatti/,/contatti/,200,0,none,true,true,false,http://localhost:3000/contatti/,LOCAL_INDEXABLE_200,1,false
local,New Local Project,local-project-sitemap,http://localhost:3000/en/contact/,/en/contact/,200,,http://localhost:3000/en/contact/,/en/contact/,200,0,none,true,true,false,http://localhost:3000/en/contact/,LOCAL_INDEXABLE_200,1,false
local,New Local Project,local-project-sitemap,http://localhost:3000/de/kontakt/,/de/kontakt/,200,,http://localhost:3000/de/kontakt/,/de/kontakt/,200,0,none,true,true,false,http://localhost:3000/de/kontakt/,LOCAL_INDEXABLE_200,1,false
local,New Local Project,local-project-sitemap,http://localhost:3000/nl/contact/,/nl/contact/,200,,http://localhost:3000/nl/contact/,/nl/contact/,200,0,none,true,true,false,http://localhost:3000/nl/contact/,LOCAL_INDEXABLE_200,1,false
local,New Local Project,local-project-sitemap,http://localhost:3000/da/kontakt/,/da/kontakt/,200,,http://localhost:3000/da/kontakt/,/da/kontakt/,200,0,none,true,true,false,http://localhost:3000/da/kontakt/,LOCAL_INDEXABLE_200,1,false
local,New Local Project,local-project-sitemap,http://localhost:3000/no/kontakt/,/no/kontakt/,200,,http://localhost:3000/no/kontakt/,/no/kontakt/,200,0,none,true,true,false,http://localhost:3000/no/kontakt/,LOCAL_INDEXABLE_200,1,false
local,New Local Project,local-project-sitemap,http://localhost:3000/privacy-policy/,/privacy-policy/,200,,http://localhost:3000/privacy-policy/,/privacy-policy/,200,0,none,true,true,false,http://localhost:3000/privacy-policy/,LOCAL_INDEXABLE_200,1,false
local,New Local Project,local-project-sitemap,http://localhost:3000/en/privacy-policy/,/en/privacy-policy/,200,,http://localhost:3000/en/privacy-policy/,/en/privacy-policy/,200,0,none,true,true,false,http://localhost:3000/en/privacy-policy/,LOCAL_INDEXABLE_200,1,false
local,New Local Project,local-project-sitemap,http://localhost:3000/de/datenschutz/,/de/datenschutz/,200,,http://localhost:3000/de/datenschutz/,/de/datenschutz/,200,0,none,true,true,false,http://localhost:3000/de/datenschutz/,LOCAL_INDEXABLE_200,1,false
local,New Local Project,local-project-sitemap,http://localhost:3000/nl/privacybeleid/,/nl/privacybeleid/,200,,http://localhost:3000/nl/privacybeleid/,/nl/privacybeleid/,200,0,none,true,true,false,http://localhost:3000/nl/privacybeleid/,LOCAL_INDEXABLE_200,1,false
local,New Local Project,local-project-sitemap,http://localhost:3000/da/privatlivspolitik/,/da/privatlivspolitik/,200,,http://localhost:3000/da/privatlivspolitik/,/da/privatlivspolitik/,200,0,none,true,true,false,http://localhost:3000/da/privatlivspolitik/,LOCAL_INDEXABLE_200,1,false
local,New Local Project,local-project-sitemap,http://localhost:3000/no/personvernerklaering/,/no/personvernerklaering/,200,,http://localhost:3000/no/personvernerklaering/,/no/personvernerklaering/,200,0,none,true,true,false,http://localhost:3000/no/personvernerklaering/,LOCAL_INDEXABLE_200,1,false
local,New Local Project,local-project-sitemap,http://localhost:3000/cookie-policy/,/cookie-policy/,200,,http://localhost:3000/cookie-policy/,/cookie-policy/,200,0,none,true,true,false,http://localhost:3000/cookie-policy/,LOCAL_INDEXABLE_200,1,false
local,New Local Project,local-project-sitemap,http://localhost:3000/en/cookie-policy/,/en/cookie-policy/,200,,http://localhost:3000/en/cookie-policy/,/en/cookie-policy/,200,0,none,true,true,false,http://localhost:3000/en/cookie-policy/,LOCAL_INDEXABLE_200,1,false
local,New Local Project,local-project-sitemap,http://localhost:3000/de/cookie-richtlinie/,/de/cookie-richtlinie/,200,,http://localhost:3000/de/cookie-richtlinie/,/de/cookie-richtlinie/,200,0,none,true,true,false,http://localhost:3000/de/cookie-richtlinie/,LOCAL_INDEXABLE_200,1,false
local,New Local Project,local-project-sitemap,http://localhost:3000/nl/cookiebeleid/,/nl/cookiebeleid/,200,,http://localhost:3000/nl/cookiebeleid/,/nl/cookiebeleid/,200,0,none,true,true,false,http://localhost:3000/nl/cookiebeleid/,LOCAL_INDEXABLE_200,1,false
local,New Local Project,local-project-sitemap,http://localhost:3000/da/cookiepolitik/,/da/cookiepolitik/,200,,http://localhost:3000/da/cookiepolitik/,/da/cookiepolitik/,200,0,none,true,true,false,http://localhost:3000/da/cookiepolitik/,LOCAL_INDEXABLE_200,1,false
local,New Local Project,local-project-sitemap,http://localhost:3000/no/cookiepolicy/,/no/cookiepolicy/,200,,http://localhost:3000/no/cookiepolicy/,/no/cookiepolicy/,200,0,none,true,true,false,http://localhost:3000/no/cookiepolicy/,LOCAL_INDEXABLE_200,1,false
local,New Local Project,local-project-sitemap,http://localhost:3000/condizioni-generali-di-vendita/,/condizioni-generali-di-vendita/,200,,http://localhost:3000/condizioni-generali-di-vendita/,/condizioni-generali-di-vendita/,200,0,none,true,true,false,http://localhost:3000/condizioni-generali-di-vendita/,LOCAL_INDEXABLE_200,1,false
local,New Local Project,local-project-sitemap,http://localhost:3000/en/terms/,/en/terms/,200,,http://localhost:3000/en/terms/,/en/terms/,200,0,none,true,true,false,http://localhost:3000/en/terms/,LOCAL_INDEXABLE_200,1,false
local,New Local Project,local-project-sitemap,http://localhost:3000/de/agb/,/de/agb/,200,,http://localhost:3000/de/agb/,/de/agb/,200,0,none,true,true,false,http://localhost:3000/de/agb/,LOCAL_INDEXABLE_200,1,false
local,New Local Project,local-project-sitemap,http://localhost:3000/nl/voorwaarden/,/nl/voorwaarden/,200,,http://localhost:3000/nl/voorwaarden/,/nl/voorwaarden/,200,0,none,true,true,false,http://localhost:3000/nl/voorwaarden/,LOCAL_INDEXABLE_200,1,false
local,New Local Project,local-project-sitemap,http://localhost:3000/da/vilkaar/,/da/vilkaar/,200,,http://localhost:3000/da/vilkaar/,/da/vilkaar/,200,0,none,true,true,false,http://localhost:3000/da/vilkaar/,LOCAL_INDEXABLE_200,1,false
local,New Local Project,local-project-sitemap,http://localhost:3000/no/vilkar/,/no/vilkar/,200,,http://localhost:3000/no/vilkar/,/no/vilkar/,200,0,none,true,true,false,http://localhost:3000/no/vilkar/,LOCAL_INDEXABLE_200,1,false
local,New Local Project,local-project-sitemap,http://localhost:3000/degustazioni/,/degustazioni/,200,,http://localhost:3000/degustazioni/,/degustazioni/,200,0,none,true,true,false,http://localhost:3000/degustazioni/,LOCAL_INDEXABLE_200,1,false
local,New Local Project,local-project-sitemap,http://localhost:3000/en/tastings/,/en/tastings/,200,,http://localhost:3000/en/tastings/,/en/tastings/,200,0,none,true,true,false,http://localhost:3000/en/tastings/,LOCAL_INDEXABLE_200,1,false
local,New Local Project,local-project-sitemap,http://localhost:3000/de/verkostungen/,/de/verkostungen/,200,,http://localhost:3000/de/verkostungen/,/de/verkostungen/,200,0,none,true,true,false,http://localhost:3000/de/verkostungen/,LOCAL_INDEXABLE_200,1,false
local,New Local Project,local-project-sitemap,http://localhost:3000/nl/proeverijen/,/nl/proeverijen/,200,,http://localhost:3000/nl/proeverijen/,/nl/proeverijen/,200,0,none,true,true,false,http://localhost:3000/nl/proeverijen/,LOCAL_INDEXABLE_200,1,false
local,New Local Project,local-project-sitemap,http://localhost:3000/da/smagninger/,/da/smagninger/,200,,http://localhost:3000/da/smagninger/,/da/smagninger/,200,0,none,true,true,false,http://localhost:3000/da/smagninger/,LOCAL_INDEXABLE_200,1,false
local,New Local Project,local-project-sitemap,http://localhost:3000/no/smakinger/,/no/smakinger/,200,,http://localhost:3000/no/smakinger/,/no/smakinger/,200,0,none,true,true,false,http://localhost:3000/no/smakinger/,LOCAL_INDEXABLE_200,1,false
local,New Local Project,local-project-sitemap,http://localhost:3000/parita-di-genere/,/parita-di-genere/,200,,http://localhost:3000/parita-di-genere/,/parita-di-genere/,200,0,none,true,true,false,http://localhost:3000/parita-di-genere/,LOCAL_INDEXABLE_200,1,false
local,New Local Project,local-project-sitemap,http://localhost:3000/en/parita-di-genere/,/en/parita-di-genere/,200,,http://localhost:3000/en/parita-di-genere/,/en/parita-di-genere/,200,0,none,true,true,false,http://localhost:3000/en/parita-di-genere/,LOCAL_INDEXABLE_200,1,false
local,New Local Project,local-project-sitemap,http://localhost:3000/de/parita-di-genere/,/de/parita-di-genere/,200,,http://localhost:3000/de/parita-di-genere/,/de/parita-di-genere/,200,0,none,true,true,false,http://localhost:3000/de/parita-di-genere/,LOCAL_INDEXABLE_200,1,false
local,New Local Project,local-project-sitemap,http://localhost:3000/nl/parita-di-genere/,/nl/parita-di-genere/,200,,http://localhost:3000/nl/parita-di-genere/,/nl/parita-di-genere/,200,0,none,true,true,false,http://localhost:3000/nl/parita-di-genere/,LOCAL_INDEXABLE_200,1,false
local,New Local Project,local-project-sitemap,http://localhost:3000/da/parita-di-genere/,/da/parita-di-genere/,200,,http://localhost:3000/da/parita-di-genere/,/da/parita-di-genere/,200,0,none,true,true,false,http://localhost:3000/da/parita-di-genere/,LOCAL_INDEXABLE_200,1,false
local,New Local Project,local-project-sitemap,http://localhost:3000/no/parita-di-genere/,/no/parita-di-genere/,200,,http://localhost:3000/no/parita-di-genere/,/no/parita-di-genere/,200,0,none,true,true,false,http://localhost:3000/no/parita-di-genere/,LOCAL_INDEXABLE_200,1,false
local,New Local Project,local-project-sitemap,http://localhost:3000/resi/,/resi/,200,,http://localhost:3000/resi/,/resi/,200,0,none,true,true,false,http://localhost:3000/resi/,LOCAL_INDEXABLE_200,1,false
local,New Local Project,local-project-sitemap,http://localhost:3000/en/resi/,/en/resi/,200,,http://localhost:3000/en/resi/,/en/resi/,200,0,none,true,true,false,http://localhost:3000/en/resi/,LOCAL_INDEXABLE_200,1,false
local,New Local Project,local-project-sitemap,http://localhost:3000/de/resi/,/de/resi/,200,,http://localhost:3000/de/resi/,/de/resi/,200,0,none,true,true,false,http://localhost:3000/de/resi/,LOCAL_INDEXABLE_200,1,false
local,New Local Project,local-project-sitemap,http://localhost:3000/nl/resi/,/nl/resi/,200,,http://localhost:3000/nl/resi/,/nl/resi/,200,0,none,true,true,false,http://localhost:3000/nl/resi/,LOCAL_INDEXABLE_200,1,false
local,New Local Project,local-project-sitemap,http://localhost:3000/da/resi/,/da/resi/,200,,http://localhost:3000/da/resi/,/da/resi/,200,0,none,true,true,false,http://localhost:3000/da/resi/,LOCAL_INDEXABLE_200,1,false
local,New Local Project,local-project-sitemap,http://localhost:3000/no/resi/,/no/resi/,200,,http://localhost:3000/no/resi/,/no/resi/,200,0,none,true,true,false,http://localhost:3000/no/resi/,LOCAL_INDEXABLE_200,1,false
local,New Local Project,local-project-sitemap,http://localhost:3000/spedizioni/,/spedizioni/,200,,http://localhost:3000/spedizioni/,/spedizioni/,200,0,none,true,true,false,http://localhost:3000/spedizioni/,LOCAL_INDEXABLE_200,1,false
local,New Local Project,local-project-sitemap,http://localhost:3000/en/spedizioni/,/en/spedizioni/,200,,http://localhost:3000/en/spedizioni/,/en/spedizioni/,200,0,none,true,true,false,http://localhost:3000/en/spedizioni/,LOCAL_INDEXABLE_200,1,false
local,New Local Project,local-project-sitemap,http://localhost:3000/de/spedizioni/,/de/spedizioni/,200,,http://localhost:3000/de/spedizioni/,/de/spedizioni/,200,0,none,true,true,false,http://localhost:3000/de/spedizioni/,LOCAL_INDEXABLE_200,1,false
local,New Local Project,local-project-sitemap,http://localhost:3000/nl/spedizioni/,/nl/spedizioni/,200,,http://localhost:3000/nl/spedizioni/,/nl/spedizioni/,200,0,none,true,true,false,http://localhost:3000/nl/spedizioni/,LOCAL_INDEXABLE_200,1,false
local,New Local Project,local-project-sitemap,http://localhost:3000/da/spedizioni/,/da/spedizioni/,200,,http://localhost:3000/da/spedizioni/,/da/spedizioni/,200,0,none,true,true,false,http://localhost:3000/da/spedizioni/,LOCAL_INDEXABLE_200,1,false
local,New Local Project,local-project-sitemap,http://localhost:3000/no/spedizioni/,/no/spedizioni/,200,,http://localhost:3000/no/spedizioni/,/no/spedizioni/,200,0,none,true,true,false,http://localhost:3000/no/spedizioni/,LOCAL_INDEXABLE_200,1,false
local,New Local Project,local-project-sitemap,http://localhost:3000/blog/,/blog/,200,,http://localhost:3000/blog/,/blog/,200,0,none,true,true,false,http://localhost:3000/blog/,LOCAL_INDEXABLE_200,1,false
local,New Local Project,local-project-sitemap,http://localhost:3000/en/blog/,/en/blog/,200,,http://localhost:3000/en/blog/,/en/blog/,200,0,none,true,true,false,http://localhost:3000/en/blog/,LOCAL_INDEXABLE_200,1,false
local,New Local Project,local-project-sitemap,http://localhost:3000/de/blog/,/de/blog/,200,,http://localhost:3000/de/blog/,/de/blog/,200,0,none,true,true,false,http://localhost:3000/de/blog/,LOCAL_INDEXABLE_200,1,false
local,New Local Project,local-project-sitemap,http://localhost:3000/nl/blog/,/nl/blog/,200,,http://localhost:3000/nl/blog/,/nl/blog/,200,0,none,true,true,false,http://localhost:3000/nl/blog/,LOCAL_INDEXABLE_200,1,false
local,New Local Project,local-project-sitemap,http://localhost:3000/da/blog/,/da/blog/,200,,http://localhost:3000/da/blog/,/da/blog/,200,0,none,true,true,false,http://localhost:3000/da/blog/,LOCAL_INDEXABLE_200,1,false
local,New Local Project,local-project-sitemap,http://localhost:3000/no/blog/,/no/blog/,200,,http://localhost:3000/no/blog/,/no/blog/,200,0,none,true,true,false,http://localhost:3000/no/blog/,LOCAL_INDEXABLE_200,1,false
local,New Local Project,local-project-sitemap,http://localhost:3000/shop/evo/,/shop/evo/,200,,http://localhost:3000/shop/evo/,/shop/evo/,200,0,none,true,true,false,http://localhost:3000/shop/evo/,LOCAL_INDEXABLE_200,1,false
local,New Local Project,local-project-sitemap,http://localhost:3000/en/shop/evo/,/en/shop/evo/,200,,http://localhost:3000/en/shop/evo/,/en/shop/evo/,200,0,none,true,true,false,http://localhost:3000/en/shop/evo/,LOCAL_INDEXABLE_200,1,false
local,New Local Project,local-project-sitemap,http://localhost:3000/de/laden/evo/,/de/laden/evo/,200,,http://localhost:3000/de/laden/evo/,/de/laden/evo/,200,0,none,true,true,false,http://localhost:3000/de/laden/evo/,LOCAL_INDEXABLE_200,1,false
local,New Local Project,local-project-sitemap,http://localhost:3000/nl/winkel/evo/,/nl/winkel/evo/,200,,http://localhost:3000/nl/winkel/evo/,/nl/winkel/evo/,200,0,none,true,true,false,http://localhost:3000/nl/winkel/evo/,LOCAL_INDEXABLE_200,1,false
local,New Local Project,local-project-sitemap,http://localhost:3000/da/butik/evo/,/da/butik/evo/,200,,http://localhost:3000/da/butik/evo/,/da/butik/evo/,200,0,none,true,true,false,http://localhost:3000/da/butik/evo/,LOCAL_INDEXABLE_200,1,false
local,New Local Project,local-project-sitemap,http://localhost:3000/no/butikk/evo/,/no/butikk/evo/,200,,http://localhost:3000/no/butikk/evo/,/no/butikk/evo/,200,0,none,true,true,false,http://localhost:3000/no/butikk/evo/,LOCAL_INDEXABLE_200,1,false
local,New Local Project,local-project-sitemap,http://localhost:3000/shop/fruttato-leggero/,/shop/fruttato-leggero/,200,,http://localhost:3000/shop/fruttato-leggero/,/shop/fruttato-leggero/,200,0,none,true,true,false,http://localhost:3000/shop/fruttato-leggero/,LOCAL_INDEXABLE_200,1,false
local,New Local Project,local-project-sitemap,http://localhost:3000/en/shop/light-fruity/,/en/shop/light-fruity/,200,,http://localhost:3000/en/shop/light-fruity/,/en/shop/light-fruity/,200,0,none,true,true,false,http://localhost:3000/en/shop/light-fruity/,LOCAL_INDEXABLE_200,1,false
local,New Local Project,local-project-sitemap,http://localhost:3000/de/laden/leicht-fruchtig/,/de/laden/leicht-fruchtig/,200,,http://localhost:3000/de/laden/leicht-fruchtig/,/de/laden/leicht-fruchtig/,200,0,none,true,true,false,http://localhost:3000/de/laden/leicht-fruchtig/,LOCAL_INDEXABLE_200,1,false
local,New Local Project,local-project-sitemap,http://localhost:3000/nl/winkel/licht-fruitig/,/nl/winkel/licht-fruitig/,200,,http://localhost:3000/nl/winkel/licht-fruitig/,/nl/winkel/licht-fruitig/,200,0,none,true,true,false,http://localhost:3000/nl/winkel/licht-fruitig/,LOCAL_INDEXABLE_200,1,false
local,New Local Project,local-project-sitemap,http://localhost:3000/da/butik/let-frugtig/,/da/butik/let-frugtig/,200,,http://localhost:3000/da/butik/let-frugtig/,/da/butik/let-frugtig/,200,0,none,true,true,false,http://localhost:3000/da/butik/let-frugtig/,LOCAL_INDEXABLE_200,1,false
local,New Local Project,local-project-sitemap,http://localhost:3000/no/butikk/lett-fruktig/,/no/butikk/lett-fruktig/,200,,http://localhost:3000/no/butikk/lett-fruktig/,/no/butikk/lett-fruktig/,200,0,none,true,true,false,http://localhost:3000/no/butikk/lett-fruktig/,LOCAL_INDEXABLE_200,1,false
local,New Local Project,local-project-sitemap,http://localhost:3000/shop/fruttato-medio/,/shop/fruttato-medio/,200,,http://localhost:3000/shop/fruttato-medio/,/shop/fruttato-medio/,200,0,none,true,true,false,http://localhost:3000/shop/fruttato-medio/,LOCAL_INDEXABLE_200,1,false
local,New Local Project,local-project-sitemap,http://localhost:3000/en/shop/medium-fruity/,/en/shop/medium-fruity/,200,,http://localhost:3000/en/shop/medium-fruity/,/en/shop/medium-fruity/,200,0,none,true,true,false,http://localhost:3000/en/shop/medium-fruity/,LOCAL_INDEXABLE_200,1,false
local,New Local Project,local-project-sitemap,http://localhost:3000/de/laden/mittel-fruchtig/,/de/laden/mittel-fruchtig/,200,,http://localhost:3000/de/laden/mittel-fruchtig/,/de/laden/mittel-fruchtig/,200,0,none,true,true,false,http://localhost:3000/de/laden/mittel-fruchtig/,LOCAL_INDEXABLE_200,1,false
local,New Local Project,local-project-sitemap,http://localhost:3000/nl/winkel/medium-fruitig/,/nl/winkel/medium-fruitig/,200,,http://localhost:3000/nl/winkel/medium-fruitig/,/nl/winkel/medium-fruitig/,200,0,none,true,true,false,http://localhost:3000/nl/winkel/medium-fruitig/,LOCAL_INDEXABLE_200,1,false
local,New Local Project,local-project-sitemap,http://localhost:3000/da/butik/medium-frugtig/,/da/butik/medium-frugtig/,200,,http://localhost:3000/da/butik/medium-frugtig/,/da/butik/medium-frugtig/,200,0,none,true,true,false,http://localhost:3000/da/butik/medium-frugtig/,LOCAL_INDEXABLE_200,1,false
local,New Local Project,local-project-sitemap,http://localhost:3000/no/butikk/middels-fruktig/,/no/butikk/middels-fruktig/,200,,http://localhost:3000/no/butikk/middels-fruktig/,/no/butikk/middels-fruktig/,200,0,none,true,true,false,http://localhost:3000/no/butikk/middels-fruktig/,LOCAL_INDEXABLE_200,1,false
local,New Local Project,local-project-sitemap,http://localhost:3000/shop/fruttato-intenso/,/shop/fruttato-intenso/,200,,http://localhost:3000/shop/fruttato-intenso/,/shop/fruttato-intenso/,200,0,none,true,true,false,http://localhost:3000/shop/fruttato-intenso/,LOCAL_INDEXABLE_200,1,false
local,New Local Project,local-project-sitemap,http://localhost:3000/en/shop/intense-fruity/,/en/shop/intense-fruity/,200,,http://localhost:3000/en/shop/intense-fruity/,/en/shop/intense-fruity/,200,0,none,true,true,false,http://localhost:3000/en/shop/intense-fruity/,LOCAL_INDEXABLE_200,1,false
local,New Local Project,local-project-sitemap,http://localhost:3000/de/laden/intens-fruchtig/,/de/laden/intens-fruchtig/,200,,http://localhost:3000/de/laden/intens-fruchtig/,/de/laden/intens-fruchtig/,200,0,none,true,true,false,http://localhost:3000/de/laden/intens-fruchtig/,LOCAL_INDEXABLE_200,1,false
local,New Local Project,local-project-sitemap,http://localhost:3000/nl/winkel/intens-fruitig/,/nl/winkel/intens-fruitig/,200,,http://localhost:3000/nl/winkel/intens-fruitig/,/nl/winkel/intens-fruitig/,200,0,none,true,true,false,http://localhost:3000/nl/winkel/intens-fruitig/,LOCAL_INDEXABLE_200,1,false
local,New Local Project,local-project-sitemap,http://localhost:3000/da/butik/intens-frugtig/,/da/butik/intens-frugtig/,200,,http://localhost:3000/da/butik/intens-frugtig/,/da/butik/intens-frugtig/,200,0,none,true,true,false,http://localhost:3000/da/butik/intens-frugtig/,LOCAL_INDEXABLE_200,1,false
local,New Local Project,local-project-sitemap,http://localhost:3000/no/butikk/intens-fruktig/,/no/butikk/intens-fruktig/,200,,http://localhost:3000/no/butikk/intens-fruktig/,/no/butikk/intens-fruktig/,200,0,none,true,true,false,http://localhost:3000/no/butikk/intens-fruktig/,LOCAL_INDEXABLE_200,1,false
local,New Local Project,local-project-sitemap,http://localhost:3000/shop/tartufo/,/shop/tartufo/,200,,http://localhost:3000/shop/tartufo/,/shop/tartufo/,200,0,none,true,true,false,http://localhost:3000/shop/tartufo/,LOCAL_INDEXABLE_200,1,false
local,New Local Project,local-project-sitemap,http://localhost:3000/en/shop/truffle/,/en/shop/truffle/,200,,http://localhost:3000/en/shop/truffle/,/en/shop/truffle/,200,0,none,true,true,false,http://localhost:3000/en/shop/truffle/,LOCAL_INDEXABLE_200,1,false
local,New Local Project,local-project-sitemap,http://localhost:3000/de/laden/trueffel/,/de/laden/trueffel/,200,,http://localhost:3000/de/laden/trueffel/,/de/laden/trueffel/,200,0,none,true,true,false,http://localhost:3000/de/laden/trueffel/,LOCAL_INDEXABLE_200,1,false
local,New Local Project,local-project-sitemap,http://localhost:3000/nl/winkel/truffel/,/nl/winkel/truffel/,200,,http://localhost:3000/nl/winkel/truffel/,/nl/winkel/truffel/,200,0,none,true,true,false,http://localhost:3000/nl/winkel/truffel/,LOCAL_INDEXABLE_200,1,false
local,New Local Project,local-project-sitemap,http://localhost:3000/da/butik/troeffel/,/da/butik/troeffel/,200,,http://localhost:3000/da/butik/troeffel/,/da/butik/troeffel/,200,0,none,true,true,false,http://localhost:3000/da/butik/troeffel/,LOCAL_INDEXABLE_200,1,false
local,New Local Project,local-project-sitemap,http://localhost:3000/no/butikk/troffel/,/no/butikk/troffel/,200,,http://localhost:3000/no/butikk/troffel/,/no/butikk/troffel/,200,0,none,true,true,false,http://localhost:3000/no/butikk/troffel/,LOCAL_INDEXABLE_200,1,false
local,New Local Project,local-project-sitemap,http://localhost:3000/shop/peperoncino/,/shop/peperoncino/,200,,http://localhost:3000/shop/peperoncino/,/shop/peperoncino/,200,0,none,true,true,false,http://localhost:3000/shop/peperoncino/,LOCAL_INDEXABLE_200,1,false
local,New Local Project,local-project-sitemap,http://localhost:3000/en/shop/chili-pepper/,/en/shop/chili-pepper/,200,,http://localhost:3000/en/shop/chili-pepper/,/en/shop/chili-pepper/,200,0,none,true,true,false,http://localhost:3000/en/shop/chili-pepper/,LOCAL_INDEXABLE_200,1,false
local,New Local Project,local-project-sitemap,http://localhost:3000/de/laden/chili/,/de/laden/chili/,200,,http://localhost:3000/de/laden/chili/,/de/laden/chili/,200,0,none,true,true,false,http://localhost:3000/de/laden/chili/,LOCAL_INDEXABLE_200,1,false
local,New Local Project,local-project-sitemap,http://localhost:3000/nl/winkel/chilipeper/,/nl/winkel/chilipeper/,200,,http://localhost:3000/nl/winkel/chilipeper/,/nl/winkel/chilipeper/,200,0,none,true,true,false,http://localhost:3000/nl/winkel/chilipeper/,LOCAL_INDEXABLE_200,1,false
local,New Local Project,local-project-sitemap,http://localhost:3000/da/butik/chili/,/da/butik/chili/,200,,http://localhost:3000/da/butik/chili/,/da/butik/chili/,200,0,none,true,true,false,http://localhost:3000/da/butik/chili/,LOCAL_INDEXABLE_200,1,false
local,New Local Project,local-project-sitemap,http://localhost:3000/no/butikk/chili/,/no/butikk/chili/,200,,http://localhost:3000/no/butikk/chili/,/no/butikk/chili/,200,0,none,true,true,false,http://localhost:3000/no/butikk/chili/,LOCAL_INDEXABLE_200,1,false
local,New Local Project,local-project-sitemap,http://localhost:3000/shop/vino-vittoria/,/shop/vino-vittoria/,200,,http://localhost:3000/shop/vino-vittoria/,/shop/vino-vittoria/,200,0,none,true,true,false,http://localhost:3000/shop/vino-vittoria/,LOCAL_INDEXABLE_200,1,false
local,New Local Project,local-project-sitemap,http://localhost:3000/en/shop/vittoria-wine/,/en/shop/vittoria-wine/,200,,http://localhost:3000/en/shop/vittoria-wine/,/en/shop/vittoria-wine/,200,0,none,true,true,false,http://localhost:3000/en/shop/vittoria-wine/,LOCAL_INDEXABLE_200,1,false
local,New Local Project,local-project-sitemap,http://localhost:3000/de/laden/vittoria-wein/,/de/laden/vittoria-wein/,200,,http://localhost:3000/de/laden/vittoria-wein/,/de/laden/vittoria-wein/,200,0,none,true,true,false,http://localhost:3000/de/laden/vittoria-wein/,LOCAL_INDEXABLE_200,1,false
local,New Local Project,local-project-sitemap,http://localhost:3000/nl/winkel/vittoria-wijn/,/nl/winkel/vittoria-wijn/,200,,http://localhost:3000/nl/winkel/vittoria-wijn/,/nl/winkel/vittoria-wijn/,200,0,none,true,true,false,http://localhost:3000/nl/winkel/vittoria-wijn/,LOCAL_INDEXABLE_200,1,false
local,New Local Project,local-project-sitemap,http://localhost:3000/da/butik/vittoria-vin/,/da/butik/vittoria-vin/,200,,http://localhost:3000/da/butik/vittoria-vin/,/da/butik/vittoria-vin/,200,0,none,true,true,false,http://localhost:3000/da/butik/vittoria-vin/,LOCAL_INDEXABLE_200,1,false
local,New Local Project,local-project-sitemap,http://localhost:3000/no/butikk/vittoria-vin/,/no/butikk/vittoria-vin/,200,,http://localhost:3000/no/butikk/vittoria-vin/,/no/butikk/vittoria-vin/,200,0,none,true,true,false,http://localhost:3000/no/butikk/vittoria-vin/,LOCAL_INDEXABLE_200,1,false
local,New Local Project,local-project-sitemap,http://localhost:3000/blog/categoria/salute-benessere/benefici-olio-evo-salute/,/blog/categoria/salute-benessere/benefici-olio-evo-salute/,200,,http://localhost:3000/blog/categoria/salute-benessere/benefici-olio-evo-salute/,/blog/categoria/salute-benessere/benefici-olio-evo-salute/,200,0,none,true,true,false,http://localhost:3000/blog/categoria/salute-benessere/benefici-olio-evo-salute/,LOCAL_INDEXABLE_200,1,false
local,New Local Project,local-project-sitemap,http://localhost:3000/en/blog/category/health-wellbeing/benefits-extra-virgin-olive-oil-health/,/en/blog/category/health-wellbeing/benefits-extra-virgin-olive-oil-health/,200,,http://localhost:3000/en/blog/category/health-wellbeing/benefits-extra-virgin-olive-oil-health/,/en/blog/category/health-wellbeing/benefits-extra-virgin-olive-oil-health/,200,0,none,true,true,false,http://localhost:3000/en/blog/category/health-wellbeing/benefits-extra-virgin-olive-oil-health/,LOCAL_INDEXABLE_200,1,false
local,New Local Project,local-project-sitemap,http://localhost:3000/de/blog/kategorie/gesundheit-wohlbefinden/vorteile-extra-vergine-olivenoel-gesundheit/,/de/blog/kategorie/gesundheit-wohlbefinden/vorteile-extra-vergine-olivenoel-gesundheit/,200,,http://localhost:3000/de/blog/kategorie/gesundheit-wohlbefinden/vorteile-extra-vergine-olivenoel-gesundheit/,/de/blog/kategorie/gesundheit-wohlbefinden/vorteile-extra-vergine-olivenoel-gesundheit/,200,0,none,true,true,false,http://localhost:3000/de/blog/kategorie/gesundheit-wohlbefinden/vorteile-extra-vergine-olivenoel-gesundheit/,LOCAL_INDEXABLE_200,1,false
local,New Local Project,local-project-sitemap,http://localhost:3000/nl/blog/categorie/gezondheid-welzijn/voordelen-extra-vierge-olijfolie-gezondheid/,/nl/blog/categorie/gezondheid-welzijn/voordelen-extra-vierge-olijfolie-gezondheid/,200,,http://localhost:3000/nl/blog/categorie/gezondheid-welzijn/voordelen-extra-vierge-olijfolie-gezondheid/,/nl/blog/categorie/gezondheid-welzijn/voordelen-extra-vierge-olijfolie-gezondheid/,200,0,none,true,true,false,http://localhost:3000/nl/blog/categorie/gezondheid-welzijn/voordelen-extra-vierge-olijfolie-gezondheid/,LOCAL_INDEXABLE_200,1,false
local,New Local Project,local-project-sitemap,http://localhost:3000/da/blog/kategori/sundhed-velv-re/fordele-ekstra-jomfruolivenolie-sundhed/,/da/blog/kategori/sundhed-velv-re/fordele-ekstra-jomfruolivenolie-sundhed/,200,,http://localhost:3000/da/blog/kategori/sundhed-velv-re/fordele-ekstra-jomfruolivenolie-sundhed/,/da/blog/kategori/sundhed-velv-re/fordele-ekstra-jomfruolivenolie-sundhed/,200,0,none,true,true,false,http://localhost:3000/da/blog/kategori/sundhed-velv-re/fordele-ekstra-jomfruolivenolie-sundhed/,LOCAL_INDEXABLE_200,1,false
local,New Local Project,local-project-sitemap,http://localhost:3000/no/blog/kategori/helse-velv-re/fordeler-ekstra-jomfruolivenolje-helse/,/no/blog/kategori/helse-velv-re/fordeler-ekstra-jomfruolivenolje-helse/,200,,http://localhost:3000/no/blog/kategori/helse-velv-re/fordeler-ekstra-jomfruolivenolje-helse/,/no/blog/kategori/helse-velv-re/fordeler-ekstra-jomfruolivenolje-helse/,200,0,none,true,true,false,http://localhost:3000/no/blog/kategori/helse-velv-re/fordeler-ekstra-jomfruolivenolje-helse/,LOCAL_INDEXABLE_200,1,false
local,New Local Project,local-project-sitemap,http://localhost:3000/blog/categoria/chimica-dell-olio-di-oliva/acidita-olio-evo/,/blog/categoria/chimica-dell-olio-di-oliva/acidita-olio-evo/,200,,http://localhost:3000/blog/categoria/chimica-dell-olio-di-oliva/acidita-olio-evo/,/blog/categoria/chimica-dell-olio-di-oliva/acidita-olio-evo/,200,0,none,true,true,false,http://localhost:3000/blog/categoria/chimica-dell-olio-di-oliva/acidita-olio-evo/,LOCAL_INDEXABLE_200,1,false
local,New Local Project,local-project-sitemap,http://localhost:3000/en/blog/category/olive-oil-chemistry/acidity-extra-virgin-olive-oil-myths/,/en/blog/category/olive-oil-chemistry/acidity-extra-virgin-olive-oil-myths/,200,,http://localhost:3000/en/blog/category/olive-oil-chemistry/acidity-extra-virgin-olive-oil-myths/,/en/blog/category/olive-oil-chemistry/acidity-extra-virgin-olive-oil-myths/,200,0,none,true,true,false,http://localhost:3000/en/blog/category/olive-oil-chemistry/acidity-extra-virgin-olive-oil-myths/,LOCAL_INDEXABLE_200,1,false
local,New Local Project,local-project-sitemap,http://localhost:3000/de/blog/kategorie/olivenolchemie/saeuregehalt-olivenoel-extra-mythen/,/de/blog/kategorie/olivenolchemie/saeuregehalt-olivenoel-extra-mythen/,200,,http://localhost:3000/de/blog/kategorie/olivenolchemie/saeuregehalt-olivenoel-extra-mythen/,/de/blog/kategorie/olivenolchemie/saeuregehalt-olivenoel-extra-mythen/,200,0,none,true,true,false,http://localhost:3000/de/blog/kategorie/olivenolchemie/saeuregehalt-olivenoel-extra-mythen/,LOCAL_INDEXABLE_200,1,false
local,New Local Project,local-project-sitemap,http://localhost:3000/nl/blog/categorie/olijfoliechemie/zuurgraad-extra-vierge-olijfolie-mythen/,/nl/blog/categorie/olijfoliechemie/zuurgraad-extra-vierge-olijfolie-mythen/,200,,http://localhost:3000/nl/blog/categorie/olijfoliechemie/zuurgraad-extra-vierge-olijfolie-mythen/,/nl/blog/categorie/olijfoliechemie/zuurgraad-extra-vierge-olijfolie-mythen/,200,0,none,true,true,false,http://localhost:3000/nl/blog/categorie/olijfoliechemie/zuurgraad-extra-vierge-olijfolie-mythen/,LOCAL_INDEXABLE_200,1,false
local,New Local Project,local-project-sitemap,http://localhost:3000/da/blog/kategori/olivenoliekemi/syreindhold-ekstra-jomfruolivenolie-myter/,/da/blog/kategori/olivenoliekemi/syreindhold-ekstra-jomfruolivenolie-myter/,200,,http://localhost:3000/da/blog/kategori/olivenoliekemi/syreindhold-ekstra-jomfruolivenolie-myter/,/da/blog/kategori/olivenoliekemi/syreindhold-ekstra-jomfruolivenolie-myter/,200,0,none,true,true,false,http://localhost:3000/da/blog/kategori/olivenoliekemi/syreindhold-ekstra-jomfruolivenolie-myter/,LOCAL_INDEXABLE_200,1,false
local,New Local Project,local-project-sitemap,http://localhost:3000/no/blog/kategori/olivenoljekjemi/syreinnhold-ekstra-jomfruolivenolje-myter/,/no/blog/kategori/olivenoljekjemi/syreinnhold-ekstra-jomfruolivenolje-myter/,200,,http://localhost:3000/no/blog/kategori/olivenoljekjemi/syreinnhold-ekstra-jomfruolivenolje-myter/,/no/blog/kategori/olivenoljekjemi/syreinnhold-ekstra-jomfruolivenolje-myter/,200,0,none,true,true,false,http://localhost:3000/no/blog/kategori/olivenoljekjemi/syreinnhold-ekstra-jomfruolivenolje-myter/,LOCAL_INDEXABLE_200,1,false
local,New Local Project,local-project-sitemap,http://localhost:3000/blog/categoria/chimica-dell-olio-di-oliva/polifenoli-e-perossidi/,/blog/categoria/chimica-dell-olio-di-oliva/polifenoli-e-perossidi/,200,,http://localhost:3000/blog/categoria/chimica-dell-olio-di-oliva/polifenoli-e-perossidi/,/blog/categoria/chimica-dell-olio-di-oliva/polifenoli-e-perossidi/,200,0,none,true,true,false,http://localhost:3000/blog/categoria/chimica-dell-olio-di-oliva/polifenoli-e-perossidi/,LOCAL_INDEXABLE_200,1,false
local,New Local Project,local-project-sitemap,http://localhost:3000/en/blog/category/olive-oil-chemistry/polyphenols-peroxides-deciphering-olive-oil-analyses/,/en/blog/category/olive-oil-chemistry/polyphenols-peroxides-deciphering-olive-oil-analyses/,200,,http://localhost:3000/en/blog/category/olive-oil-chemistry/polyphenols-peroxides-deciphering-olive-oil-analyses/,/en/blog/category/olive-oil-chemistry/polyphenols-peroxides-deciphering-olive-oil-analyses/,200,0,none,true,true,false,http://localhost:3000/en/blog/category/olive-oil-chemistry/polyphenols-peroxides-deciphering-olive-oil-analyses/,LOCAL_INDEXABLE_200,1,false
local,New Local Project,local-project-sitemap,http://localhost:3000/de/blog/kategorie/olivenolchemie/polyphenole-peroxide-olivenoel-analysen-verstehen/,/de/blog/kategorie/olivenolchemie/polyphenole-peroxide-olivenoel-analysen-verstehen/,200,,http://localhost:3000/de/blog/kategorie/olivenolchemie/polyphenole-peroxide-olivenoel-analysen-verstehen/,/de/blog/kategorie/olivenolchemie/polyphenole-peroxide-olivenoel-analysen-verstehen/,200,0,none,true,true,false,http://localhost:3000/de/blog/kategorie/olivenolchemie/polyphenole-peroxide-olivenoel-analysen-verstehen/,LOCAL_INDEXABLE_200,1,false
local,New Local Project,local-project-sitemap,http://localhost:3000/nl/blog/categorie/olijfoliechemie/polifenolen-peroxiden-olijfolie-analyse-lezen/,/nl/blog/categorie/olijfoliechemie/polifenolen-peroxiden-olijfolie-analyse-lezen/,200,,http://localhost:3000/nl/blog/categorie/olijfoliechemie/polifenolen-peroxiden-olijfolie-analyse-lezen/,/nl/blog/categorie/olijfoliechemie/polifenolen-peroxiden-olijfolie-analyse-lezen/,200,0,none,true,true,false,http://localhost:3000/nl/blog/categorie/olijfoliechemie/polifenolen-peroxiden-olijfolie-analyse-lezen/,LOCAL_INDEXABLE_200,1,false
local,New Local Project,local-project-sitemap,http://localhost:3000/da/blog/kategori/olivenoliekemi/polyfenoler-peroxider-forstaa-olivenolieanalyser/,/da/blog/kategori/olivenoliekemi/polyfenoler-peroxider-forstaa-olivenolieanalyser/,200,,http://localhost:3000/da/blog/kategori/olivenoliekemi/polyfenoler-peroxider-forstaa-olivenolieanalyser/,/da/blog/kategori/olivenoliekemi/polyfenoler-peroxider-forstaa-olivenolieanalyser/,200,0,none,true,true,false,http://localhost:3000/da/blog/kategori/olivenoliekemi/polyfenoler-peroxider-forstaa-olivenolieanalyser/,LOCAL_INDEXABLE_200,1,false
local,New Local Project,local-project-sitemap,http://localhost:3000/no/blog/kategori/olivenoljekjemi/polyfenoler-peroksider-forstaa-olivenoljeanalyser/,/no/blog/kategori/olivenoljekjemi/polyfenoler-peroksider-forstaa-olivenoljeanalyser/,200,,http://localhost:3000/no/blog/kategori/olivenoljekjemi/polyfenoler-peroksider-forstaa-olivenoljeanalyser/,/no/blog/kategori/olivenoljekjemi/polyfenoler-peroksider-forstaa-olivenoljeanalyser/,200,0,none,true,true,false,http://localhost:3000/no/blog/kategori/olivenoljekjemi/polyfenoler-peroksider-forstaa-olivenoljeanalyser/,LOCAL_INDEXABLE_200,1,false
local,New Local Project,local-project-sitemap,http://localhost:3000/blog/categoria/consigli-di-acquisto/supermercato-vs-frantoio/,/blog/categoria/consigli-di-acquisto/supermercato-vs-frantoio/,200,,http://localhost:3000/blog/categoria/consigli-di-acquisto/supermercato-vs-frantoio/,/blog/categoria/consigli-di-acquisto/supermercato-vs-frantoio/,200,0,none,true,true,false,http://localhost:3000/blog/categoria/consigli-di-acquisto/supermercato-vs-frantoio/,LOCAL_INDEXABLE_200,1,false
local,New Local Project,local-project-sitemap,http://localhost:3000/en/blog/category/buying-guide/supermarket-vs-olive-mill-price-artisanal-olive-oil/,/en/blog/category/buying-guide/supermarket-vs-olive-mill-price-artisanal-olive-oil/,200,,http://localhost:3000/en/blog/category/buying-guide/supermarket-vs-olive-mill-price-artisanal-olive-oil/,/en/blog/category/buying-guide/supermarket-vs-olive-mill-price-artisanal-olive-oil/,200,0,none,true,true,false,http://localhost:3000/en/blog/category/buying-guide/supermarket-vs-olive-mill-price-artisanal-olive-oil/,LOCAL_INDEXABLE_200,1,false
local,New Local Project,local-project-sitemap,http://localhost:3000/de/blog/kategorie/einkaufsfuhrer/supermarkt-vs-oelmuehle-preis-handwerkliches-olivenoel/,/de/blog/kategorie/einkaufsfuhrer/supermarkt-vs-oelmuehle-preis-handwerkliches-olivenoel/,200,,http://localhost:3000/de/blog/kategorie/einkaufsfuhrer/supermarkt-vs-oelmuehle-preis-handwerkliches-olivenoel/,/de/blog/kategorie/einkaufsfuhrer/supermarkt-vs-oelmuehle-preis-handwerkliches-olivenoel/,200,0,none,true,true,false,http://localhost:3000/de/blog/kategorie/einkaufsfuhrer/supermarkt-vs-oelmuehle-preis-handwerkliches-olivenoel/,LOCAL_INDEXABLE_200,1,false
local,New Local Project,local-project-sitemap,http://localhost:3000/nl/blog/categorie/koopgids/supermarkt-vs-olijfmolen-prijs-ambachtelijke-olijfolie/,/nl/blog/categorie/koopgids/supermarkt-vs-olijfmolen-prijs-ambachtelijke-olijfolie/,200,,http://localhost:3000/nl/blog/categorie/koopgids/supermarkt-vs-olijfmolen-prijs-ambachtelijke-olijfolie/,/nl/blog/categorie/koopgids/supermarkt-vs-olijfmolen-prijs-ambachtelijke-olijfolie/,200,0,none,true,true,false,http://localhost:3000/nl/blog/categorie/koopgids/supermarkt-vs-olijfmolen-prijs-ambachtelijke-olijfolie/,LOCAL_INDEXABLE_200,1,false
local,New Local Project,local-project-sitemap,http://localhost:3000/da/blog/kategori/k-bsguide/supermarked-vs-oliemoelle-prisen-paa-haandvaerksolivenolie/,/da/blog/kategori/k-bsguide/supermarked-vs-oliemoelle-prisen-paa-haandvaerksolivenolie/,200,,http://localhost:3000/da/blog/kategori/k-bsguide/supermarked-vs-oliemoelle-prisen-paa-haandvaerksolivenolie/,/da/blog/kategori/k-bsguide/supermarked-vs-oliemoelle-prisen-paa-haandvaerksolivenolie/,200,0,none,true,true,false,http://localhost:3000/da/blog/kategori/k-bsguide/supermarked-vs-oliemoelle-prisen-paa-haandvaerksolivenolie/,LOCAL_INDEXABLE_200,1,false
local,New Local Project,local-project-sitemap,http://localhost:3000/no/blog/kategori/kj-psguide/supermarked-vs-oljemolle-prisen-paa-haandverksolivenolje/,/no/blog/kategori/kj-psguide/supermarked-vs-oljemolle-prisen-paa-haandverksolivenolje/,200,,http://localhost:3000/no/blog/kategori/kj-psguide/supermarked-vs-oljemolle-prisen-paa-haandverksolivenolje/,/no/blog/kategori/kj-psguide/supermarked-vs-oljemolle-prisen-paa-haandverksolivenolje/,200,0,none,true,true,false,http://localhost:3000/no/blog/kategori/kj-psguide/supermarked-vs-oljemolle-prisen-paa-haandverksolivenolje/,LOCAL_INDEXABLE_200,1,false
local,New Local Project,local-project-sitemap,http://localhost:3000/blog/categoria/conservazione/quanto-dura-olio-evo/,/blog/categoria/conservazione/quanto-dura-olio-evo/,200,,http://localhost:3000/blog/categoria/conservazione/quanto-dura-olio-evo/,/blog/categoria/conservazione/quanto-dura-olio-evo/,200,0,none,true,true,false,http://localhost:3000/blog/categoria/conservazione/quanto-dura-olio-evo/,LOCAL_INDEXABLE_200,1,false
local,New Local Project,local-project-sitemap,http://localhost:3000/en/blog/category/storage-preservation/how-long-does-extra-virgin-olive-oil-last-storage/,/en/blog/category/storage-preservation/how-long-does-extra-virgin-olive-oil-last-storage/,200,,http://localhost:3000/en/blog/category/storage-preservation/how-long-does-extra-virgin-olive-oil-last-storage/,/en/blog/category/storage-preservation/how-long-does-extra-virgin-olive-oil-last-storage/,200,0,none,true,true,false,http://localhost:3000/en/blog/category/storage-preservation/how-long-does-extra-virgin-olive-oil-last-storage/,LOCAL_INDEXABLE_200,1,false
local,New Local Project,local-project-sitemap,http://localhost:3000/de/blog/kategorie/lagerung-aufbewahrung/wie-lange-ist-olivenoel-extra-haltbar-lagerung/,/de/blog/kategorie/lagerung-aufbewahrung/wie-lange-ist-olivenoel-extra-haltbar-lagerung/,200,,http://localhost:3000/de/blog/kategorie/lagerung-aufbewahrung/wie-lange-ist-olivenoel-extra-haltbar-lagerung/,/de/blog/kategorie/lagerung-aufbewahrung/wie-lange-ist-olivenoel-extra-haltbar-lagerung/,200,0,none,true,true,false,http://localhost:3000/de/blog/kategorie/lagerung-aufbewahrung/wie-lange-ist-olivenoel-extra-haltbar-lagerung/,LOCAL_INDEXABLE_200,1,false
local,New Local Project,local-project-sitemap,http://localhost:3000/nl/blog/categorie/opslag-bewaring/hoe-lang-is-extra-vierge-olijfolie-houdbaar-bewaren/,/nl/blog/categorie/opslag-bewaring/hoe-lang-is-extra-vierge-olijfolie-houdbaar-bewaren/,200,,http://localhost:3000/nl/blog/categorie/opslag-bewaring/hoe-lang-is-extra-vierge-olijfolie-houdbaar-bewaren/,/nl/blog/categorie/opslag-bewaring/hoe-lang-is-extra-vierge-olijfolie-houdbaar-bewaren/,200,0,none,true,true,false,http://localhost:3000/nl/blog/categorie/opslag-bewaring/hoe-lang-is-extra-vierge-olijfolie-houdbaar-bewaren/,LOCAL_INDEXABLE_200,1,false
local,New Local Project,local-project-sitemap,http://localhost:3000/da/blog/kategori/opbevaring/hvor-laenge-holder-ekstra-jomfruolivenolie-opbevaring/,/da/blog/kategori/opbevaring/hvor-laenge-holder-ekstra-jomfruolivenolie-opbevaring/,200,,http://localhost:3000/da/blog/kategori/opbevaring/hvor-laenge-holder-ekstra-jomfruolivenolie-opbevaring/,/da/blog/kategori/opbevaring/hvor-laenge-holder-ekstra-jomfruolivenolie-opbevaring/,200,0,none,true,true,false,http://localhost:3000/da/blog/kategori/opbevaring/hvor-laenge-holder-ekstra-jomfruolivenolie-opbevaring/,LOCAL_INDEXABLE_200,1,false
local,New Local Project,local-project-sitemap,http://localhost:3000/no/blog/kategori/lagring/hvor-lenge-holder-ekstra-jomfruolivenolje-lagring/,/no/blog/kategori/lagring/hvor-lenge-holder-ekstra-jomfruolivenolje-lagring/,200,,http://localhost:3000/no/blog/kategori/lagring/hvor-lenge-holder-ekstra-jomfruolivenolje-lagring/,/no/blog/kategori/lagring/hvor-lenge-holder-ekstra-jomfruolivenolje-lagring/,200,0,none,true,true,false,http://localhost:3000/no/blog/kategori/lagring/hvor-lenge-holder-ekstra-jomfruolivenolje-lagring/,LOCAL_INDEXABLE_200,1,false
local,New Local Project,local-project-sitemap,http://localhost:3000/blog/categoria/conservazione/bottiglia-scura-o-latta/,/blog/categoria/conservazione/bottiglia-scura-o-latta/,200,,http://localhost:3000/blog/categoria/conservazione/bottiglia-scura-o-latta/,/blog/categoria/conservazione/bottiglia-scura-o-latta/,200,0,none,true,true,false,http://localhost:3000/blog/categoria/conservazione/bottiglia-scura-o-latta/,LOCAL_INDEXABLE_200,1,false
local,New Local Project,local-project-sitemap,http://localhost:3000/en/blog/category/storage-preservation/dark-glass-bottle-vs-tin-can-olive-oil-storage/,/en/blog/category/storage-preservation/dark-glass-bottle-vs-tin-can-olive-oil-storage/,200,,http://localhost:3000/en/blog/category/storage-preservation/dark-glass-bottle-vs-tin-can-olive-oil-storage/,/en/blog/category/storage-preservation/dark-glass-bottle-vs-tin-can-olive-oil-storage/,200,0,none,true,true,false,http://localhost:3000/en/blog/category/storage-preservation/dark-glass-bottle-vs-tin-can-olive-oil-storage/,LOCAL_INDEXABLE_200,1,false
local,New Local Project,local-project-sitemap,http://localhost:3000/de/blog/kategorie/lagerung-aufbewahrung/dunkle-glasflasche-oder-blechdose-olivenoel-aufbewahrung/,/de/blog/kategorie/lagerung-aufbewahrung/dunkle-glasflasche-oder-blechdose-olivenoel-aufbewahrung/,200,,http://localhost:3000/de/blog/kategorie/lagerung-aufbewahrung/dunkle-glasflasche-oder-blechdose-olivenoel-aufbewahrung/,/de/blog/kategorie/lagerung-aufbewahrung/dunkle-glasflasche-oder-blechdose-olivenoel-aufbewahrung/,200,0,none,true,true,false,http://localhost:3000/de/blog/kategorie/lagerung-aufbewahrung/dunkle-glasflasche-oder-blechdose-olivenoel-aufbewahrung/,LOCAL_INDEXABLE_200,1,false
local,New Local Project,local-project-sitemap,http://localhost:3000/nl/blog/categorie/opslag-bewaring/donkere-glasfles-of-blik-extra-vierge-olijfolie-bewaren/,/nl/blog/categorie/opslag-bewaring/donkere-glasfles-of-blik-extra-vierge-olijfolie-bewaren/,200,,http://localhost:3000/nl/blog/categorie/opslag-bewaring/donkere-glasfles-of-blik-extra-vierge-olijfolie-bewaren/,/nl/blog/categorie/opslag-bewaring/donkere-glasfles-of-blik-extra-vierge-olijfolie-bewaren/,200,0,none,true,true,false,http://localhost:3000/nl/blog/categorie/opslag-bewaring/donkere-glasfles-of-blik-extra-vierge-olijfolie-bewaren/,LOCAL_INDEXABLE_200,1,false
local,New Local Project,local-project-sitemap,http://localhost:3000/da/blog/kategori/opbevaring/moerk-glasflaske-eller-dunk-hvad-bevarer-olivenolien-bedst/,/da/blog/kategori/opbevaring/moerk-glasflaske-eller-dunk-hvad-bevarer-olivenolien-bedst/,200,,http://localhost:3000/da/blog/kategori/opbevaring/moerk-glasflaske-eller-dunk-hvad-bevarer-olivenolien-bedst/,/da/blog/kategori/opbevaring/moerk-glasflaske-eller-dunk-hvad-bevarer-olivenolien-bedst/,200,0,none,true,true,false,http://localhost:3000/da/blog/kategori/opbevaring/moerk-glasflaske-eller-dunk-hvad-bevarer-olivenolien-bedst/,LOCAL_INDEXABLE_200,1,false
local,New Local Project,local-project-sitemap,http://localhost:3000/no/blog/kategori/lagring/moerk-glassflaske-eller-blikkboks-hva-bevarer-olivenoljen-best/,/no/blog/kategori/lagring/moerk-glassflaske-eller-blikkboks-hva-bevarer-olivenoljen-best/,200,,http://localhost:3000/no/blog/kategori/lagring/moerk-glassflaske-eller-blikkboks-hva-bevarer-olivenoljen-best/,/no/blog/kategori/lagring/moerk-glassflaske-eller-blikkboks-hva-bevarer-olivenoljen-best/,200,0,none,true,true,false,http://localhost:3000/no/blog/kategori/lagring/moerk-glassflaske-eller-blikkboks-hva-bevarer-olivenoljen-best/,LOCAL_INDEXABLE_200,1,false
local,New Local Project,local-project-sitemap,http://localhost:3000/blog/categoria/consumo-corretto/friggere-con-olio-evo/,/blog/categoria/consumo-corretto/friggere-con-olio-evo/,200,,http://localhost:3000/blog/categoria/consumo-corretto/friggere-con-olio-evo/,/blog/categoria/consumo-corretto/friggere-con-olio-evo/,200,0,none,true,true,false,http://localhost:3000/blog/categoria/consumo-corretto/friggere-con-olio-evo/,LOCAL_INDEXABLE_200,1,false
local,New Local Project,local-project-sitemap,http://localhost:3000/en/blog/category/proper-usage/frying-with-extra-virgin-olive-oil-myth-or-reality/,/en/blog/category/proper-usage/frying-with-extra-virgin-olive-oil-myth-or-reality/,200,,http://localhost:3000/en/blog/category/proper-usage/frying-with-extra-virgin-olive-oil-myth-or-reality/,/en/blog/category/proper-usage/frying-with-extra-virgin-olive-oil-myth-or-reality/,200,0,none,true,true,false,http://localhost:3000/en/blog/category/proper-usage/frying-with-extra-virgin-olive-oil-myth-or-reality/,LOCAL_INDEXABLE_200,1,false
local,New Local Project,local-project-sitemap,http://localhost:3000/de/blog/kategorie/richtiges-genie-en/frittieren-mit-olivenoel-extra-mythos-oder-realitaet/,/de/blog/kategorie/richtiges-genie-en/frittieren-mit-olivenoel-extra-mythos-oder-realitaet/,200,,http://localhost:3000/de/blog/kategorie/richtiges-genie-en/frittieren-mit-olivenoel-extra-mythos-oder-realitaet/,/de/blog/kategorie/richtiges-genie-en/frittieren-mit-olivenoel-extra-mythos-oder-realitaet/,200,0,none,true,true,false,http://localhost:3000/de/blog/kategorie/richtiges-genie-en/frittieren-mit-olivenoel-extra-mythos-oder-realitaet/,LOCAL_INDEXABLE_200,1,false
local,New Local Project,local-project-sitemap,http://localhost:3000/nl/blog/categorie/correct-gebruik/frituren-met-extra-vierge-olijfolie-mythe-of-realiteit/,/nl/blog/categorie/correct-gebruik/frituren-met-extra-vierge-olijfolie-mythe-of-realiteit/,200,,http://localhost:3000/nl/blog/categorie/correct-gebruik/frituren-met-extra-vierge-olijfolie-mythe-of-realiteit/,/nl/blog/categorie/correct-gebruik/frituren-met-extra-vierge-olijfolie-mythe-of-realiteit/,200,0,none,true,true,false,http://localhost:3000/nl/blog/categorie/correct-gebruik/frituren-met-extra-vierge-olijfolie-mythe-of-realiteit/,LOCAL_INDEXABLE_200,1,false
local,New Local Project,local-project-sitemap,http://localhost:3000/da/blog/kategori/korrekt-forbrug/friturestegning-med-ekstra-jomfruolivenolie-myte-eller-hverdag/,/da/blog/kategori/korrekt-forbrug/friturestegning-med-ekstra-jomfruolivenolie-myte-eller-hverdag/,200,,http://localhost:3000/da/blog/kategori/korrekt-forbrug/friturestegning-med-ekstra-jomfruolivenolie-myte-eller-hverdag/,/da/blog/kategori/korrekt-forbrug/friturestegning-med-ekstra-jomfruolivenolie-myte-eller-hverdag/,200,0,none,true,true,false,http://localhost:3000/da/blog/kategori/korrekt-forbrug/friturestegning-med-ekstra-jomfruolivenolie-myte-eller-hverdag/,LOCAL_INDEXABLE_200,1,false
local,New Local Project,local-project-sitemap,http://localhost:3000/no/blog/kategori/riktig-bruk/fritering-med-ekstra-jomfruolivenolje-myte-eller-virkelighet/,/no/blog/kategori/riktig-bruk/fritering-med-ekstra-jomfruolivenolje-myte-eller-virkelighet/,200,,http://localhost:3000/no/blog/kategori/riktig-bruk/fritering-med-ekstra-jomfruolivenolje-myte-eller-virkelighet/,/no/blog/kategori/riktig-bruk/fritering-med-ekstra-jomfruolivenolje-myte-eller-virkelighet/,200,0,none,true,true,false,http://localhost:3000/no/blog/kategori/riktig-bruk/fritering-med-ekstra-jomfruolivenolje-myte-eller-virkelighet/,LOCAL_INDEXABLE_200,1,false
local,New Local Project,local-project-sitemap,http://localhost:3000/blog/categoria/consumo-corretto/esaltare-olio-nuovo-crudo/,/blog/categoria/consumo-corretto/esaltare-olio-nuovo-crudo/,200,,http://localhost:3000/blog/categoria/consumo-corretto/esaltare-olio-nuovo-crudo/,/blog/categoria/consumo-corretto/esaltare-olio-nuovo-crudo/,200,0,none,true,true,false,http://localhost:3000/blog/categoria/consumo-corretto/esaltare-olio-nuovo-crudo/,LOCAL_INDEXABLE_200,1,false
local,New Local Project,local-project-sitemap,http://localhost:3000/en/blog/category/proper-usage/how-to-enjoy-fresh-new-season-olive-oil-raw/,/en/blog/category/proper-usage/how-to-enjoy-fresh-new-season-olive-oil-raw/,200,,http://localhost:3000/en/blog/category/proper-usage/how-to-enjoy-fresh-new-season-olive-oil-raw/,/en/blog/category/proper-usage/how-to-enjoy-fresh-new-season-olive-oil-raw/,200,0,none,true,true,false,http://localhost:3000/en/blog/category/proper-usage/how-to-enjoy-fresh-new-season-olive-oil-raw/,LOCAL_INDEXABLE_200,1,false
local,New Local Project,local-project-sitemap,http://localhost:3000/de/blog/kategorie/richtiges-genie-en/frisches-olivenoel-jahrgang-roh-geniessen/,/de/blog/kategorie/richtiges-genie-en/frisches-olivenoel-jahrgang-roh-geniessen/,200,,http://localhost:3000/de/blog/kategorie/richtiges-genie-en/frisches-olivenoel-jahrgang-roh-geniessen/,/de/blog/kategorie/richtiges-genie-en/frisches-olivenoel-jahrgang-roh-geniessen/,200,0,none,true,true,false,http://localhost:3000/de/blog/kategorie/richtiges-genie-en/frisches-olivenoel-jahrgang-roh-geniessen/,LOCAL_INDEXABLE_200,1,false
local,New Local Project,local-project-sitemap,http://localhost:3000/nl/blog/categorie/correct-gebruik/verse-nieuwe-olijfolie-rauw-gebruiken/,/nl/blog/categorie/correct-gebruik/verse-nieuwe-olijfolie-rauw-gebruiken/,200,,http://localhost:3000/nl/blog/categorie/correct-gebruik/verse-nieuwe-olijfolie-rauw-gebruiken/,/nl/blog/categorie/correct-gebruik/verse-nieuwe-olijfolie-rauw-gebruiken/,200,0,none,true,true,false,http://localhost:3000/nl/blog/categorie/correct-gebruik/verse-nieuwe-olijfolie-rauw-gebruiken/,LOCAL_INDEXABLE_200,1,false
local,New Local Project,local-project-sitemap,http://localhost:3000/da/blog/kategori/korrekt-forbrug/frisk-ny-s-son-olivenolie-nyd-den-raa/,/da/blog/kategori/korrekt-forbrug/frisk-ny-s-son-olivenolie-nyd-den-raa/,200,,http://localhost:3000/da/blog/kategori/korrekt-forbrug/frisk-ny-s-son-olivenolie-nyd-den-raa/,/da/blog/kategori/korrekt-forbrug/frisk-ny-s-son-olivenolie-nyd-den-raa/,200,0,none,true,true,false,http://localhost:3000/da/blog/kategori/korrekt-forbrug/frisk-ny-s-son-olivenolie-nyd-den-raa/,LOCAL_INDEXABLE_200,1,false
local,New Local Project,local-project-sitemap,http://localhost:3000/no/blog/kategori/lagring/frisk-ny-sesong-olivenolje-nyt-den-raa/,/no/blog/kategori/lagring/frisk-ny-sesong-olivenolje-nyt-den-raa/,200,,http://localhost:3000/no/blog/kategori/lagring/frisk-ny-sesong-olivenolje-nyt-den-raa/,/no/blog/kategori/lagring/frisk-ny-sesong-olivenolje-nyt-den-raa/,200,0,none,true,true,false,http://localhost:3000/no/blog/kategori/lagring/frisk-ny-sesong-olivenolje-nyt-den-raa/,LOCAL_INDEXABLE_200,1,false
local,New Local Project,local-project-sitemap,http://localhost:3000/blog/categoria/consigli-di-acquisto/fruttato-leggero-abbinamenti/,/blog/categoria/consigli-di-acquisto/fruttato-leggero-abbinamenti/,200,,http://localhost:3000/blog/categoria/consigli-di-acquisto/fruttato-leggero-abbinamenti/,/blog/categoria/consigli-di-acquisto/fruttato-leggero-abbinamenti/,200,0,none,true,true,false,http://localhost:3000/blog/categoria/consigli-di-acquisto/fruttato-leggero-abbinamenti/,LOCAL_INDEXABLE_200,1,false
local,New Local Project,local-project-sitemap,http://localhost:3000/en/blog/category/buying-guide/light-fruity-olive-oil-pairings/,/en/blog/category/buying-guide/light-fruity-olive-oil-pairings/,200,,http://localhost:3000/en/blog/category/buying-guide/light-fruity-olive-oil-pairings/,/en/blog/category/buying-guide/light-fruity-olive-oil-pairings/,200,0,none,true,true,false,http://localhost:3000/en/blog/category/buying-guide/light-fruity-olive-oil-pairings/,LOCAL_INDEXABLE_200,1,false
local,New Local Project,local-project-sitemap,http://localhost:3000/de/blog/kategorie/einkaufsfuhrer/leicht-fruchtiges-olivenoel-kombinationen/,/de/blog/kategorie/einkaufsfuhrer/leicht-fruchtiges-olivenoel-kombinationen/,200,,http://localhost:3000/de/blog/kategorie/einkaufsfuhrer/leicht-fruchtiges-olivenoel-kombinationen/,/de/blog/kategorie/einkaufsfuhrer/leicht-fruchtiges-olivenoel-kombinationen/,200,0,none,true,true,false,http://localhost:3000/de/blog/kategorie/einkaufsfuhrer/leicht-fruchtiges-olivenoel-kombinationen/,LOCAL_INDEXABLE_200,1,false
local,New Local Project,local-project-sitemap,http://localhost:3000/nl/blog/categorie/koopgids/licht-fruitige-olijfolie-combinaties/,/nl/blog/categorie/koopgids/licht-fruitige-olijfolie-combinaties/,200,,http://localhost:3000/nl/blog/categorie/koopgids/licht-fruitige-olijfolie-combinaties/,/nl/blog/categorie/koopgids/licht-fruitige-olijfolie-combinaties/,200,0,none,true,true,false,http://localhost:3000/nl/blog/categorie/koopgids/licht-fruitige-olijfolie-combinaties/,LOCAL_INDEXABLE_200,1,false
local,New Local Project,local-project-sitemap,http://localhost:3000/da/blog/kategori/k-bsguide/let-frugtig-olivenolie-parringer/,/da/blog/kategori/k-bsguide/let-frugtig-olivenolie-parringer/,200,,http://localhost:3000/da/blog/kategori/k-bsguide/let-frugtig-olivenolie-parringer/,/da/blog/kategori/k-bsguide/let-frugtig-olivenolie-parringer/,200,0,none,true,true,false,http://localhost:3000/da/blog/kategori/k-bsguide/let-frugtig-olivenolie-parringer/,LOCAL_INDEXABLE_200,1,false
local,New Local Project,local-project-sitemap,http://localhost:3000/no/blog/kategori/kj-psguide/lett-fruktig-olivenolje-parringer/,/no/blog/kategori/kj-psguide/lett-fruktig-olivenolje-parringer/,200,,http://localhost:3000/no/blog/kategori/kj-psguide/lett-fruktig-olivenolje-parringer/,/no/blog/kategori/kj-psguide/lett-fruktig-olivenolje-parringer/,200,0,none,true,true,false,http://localhost:3000/no/blog/kategori/kj-psguide/lett-fruktig-olivenolje-parringer/,LOCAL_INDEXABLE_200,1,false
local,New Local Project,local-project-sitemap,http://localhost:3000/blog/categoria/consigli-di-acquisto/fruttato-intenso-quando-usarlo/,/blog/categoria/consigli-di-acquisto/fruttato-intenso-quando-usarlo/,200,,http://localhost:3000/blog/categoria/consigli-di-acquisto/fruttato-intenso-quando-usarlo/,/blog/categoria/consigli-di-acquisto/fruttato-intenso-quando-usarlo/,200,0,none,true,true,false,http://localhost:3000/blog/categoria/consigli-di-acquisto/fruttato-intenso-quando-usarlo/,LOCAL_INDEXABLE_200,1,false
local,New Local Project,local-project-sitemap,http://localhost:3000/en/blog/category/buying-guide/robust-intense-fruity-olive-oil-how-to-use/,/en/blog/category/buying-guide/robust-intense-fruity-olive-oil-how-to-use/,200,,http://localhost:3000/en/blog/category/buying-guide/robust-intense-fruity-olive-oil-how-to-use/,/en/blog/category/buying-guide/robust-intense-fruity-olive-oil-how-to-use/,200,0,none,true,true,false,http://localhost:3000/en/blog/category/buying-guide/robust-intense-fruity-olive-oil-how-to-use/,LOCAL_INDEXABLE_200,1,false
local,New Local Project,local-project-sitemap,http://localhost:3000/de/blog/kategorie/einkaufsfuehrer/intensiv-fruchtiges-olivenoel-anwendung/,/de/blog/kategorie/einkaufsfuehrer/intensiv-fruchtiges-olivenoel-anwendung/,200,,http://localhost:3000/de/blog/kategorie/einkaufsfuehrer/intensiv-fruchtiges-olivenoel-anwendung/,/de/blog/kategorie/einkaufsfuehrer/intensiv-fruchtiges-olivenoel-anwendung/,200,0,none,true,true,false,http://localhost:3000/de/blog/kategorie/einkaufsfuehrer/intensiv-fruchtiges-olivenoel-anwendung/,LOCAL_INDEXABLE_200,1,false
local,New Local Project,local-project-sitemap,http://localhost:3000/nl/blog/categorie/koopgids/intensief-fruitige-olijfolie-gebruik/,/nl/blog/categorie/koopgids/intensief-fruitige-olijfolie-gebruik/,200,,http://localhost:3000/nl/blog/categorie/koopgids/intensief-fruitige-olijfolie-gebruik/,/nl/blog/categorie/koopgids/intensief-fruitige-olijfolie-gebruik/,200,0,none,true,true,false,http://localhost:3000/nl/blog/categorie/koopgids/intensief-fruitige-olijfolie-gebruik/,LOCAL_INDEXABLE_200,1,false
local,New Local Project,local-project-sitemap,http://localhost:3000/da/blog/kategori/k-bsguide/intensiv-frugtig-olivenolie-brug/,/da/blog/kategori/k-bsguide/intensiv-frugtig-olivenolie-brug/,200,,http://localhost:3000/da/blog/kategori/k-bsguide/intensiv-frugtig-olivenolie-brug/,/da/blog/kategori/k-bsguide/intensiv-frugtig-olivenolie-brug/,200,0,none,true,true,false,http://localhost:3000/da/blog/kategori/k-bsguide/intensiv-frugtig-olivenolie-brug/,LOCAL_INDEXABLE_200,1,false
local,New Local Project,local-project-sitemap,http://localhost:3000/no/blog/kategori/kj-psguide/intensiv-fruktig-olivenolje-bruk/,/no/blog/kategori/kj-psguide/intensiv-fruktig-olivenolje-bruk/,200,,http://localhost:3000/no/blog/kategori/kj-psguide/intensiv-fruktig-olivenolje-bruk/,/no/blog/kategori/kj-psguide/intensiv-fruktig-olivenolje-bruk/,200,0,none,true,true,false,http://localhost:3000/no/blog/kategori/kj-psguide/intensiv-fruktig-olivenolje-bruk/,LOCAL_INDEXABLE_200,1,false
local,New Local Project,local-project-sitemap,http://localhost:3000/blog/categoria/consigli-di-acquisto/olio-nuovo-cose-e-quanto-dura/,/blog/categoria/consigli-di-acquisto/olio-nuovo-cose-e-quanto-dura/,200,,http://localhost:3000/blog/categoria/consigli-di-acquisto/olio-nuovo-cose-e-quanto-dura/,/blog/categoria/consigli-di-acquisto/olio-nuovo-cose-e-quanto-dura/,200,0,none,true,true,false,http://localhost:3000/blog/categoria/consigli-di-acquisto/olio-nuovo-cose-e-quanto-dura/,LOCAL_INDEXABLE_200,1,false
local,New Local Project,local-project-sitemap,http://localhost:3000/en/blog/category/buying-guide/what-is-new-olive-oil-benefits/,/en/blog/category/buying-guide/what-is-new-olive-oil-benefits/,200,,http://localhost:3000/en/blog/category/buying-guide/what-is-new-olive-oil-benefits/,/en/blog/category/buying-guide/what-is-new-olive-oil-benefits/,200,0,none,true,true,false,http://localhost:3000/en/blog/category/buying-guide/what-is-new-olive-oil-benefits/,LOCAL_INDEXABLE_200,1,false
local,New Local Project,local-project-sitemap,http://localhost:3000/de/blog/kategorie/einkaufsfuehrer/was-ist-frisches-olivenoel-vorteile/,/de/blog/kategorie/einkaufsfuehrer/was-ist-frisches-olivenoel-vorteile/,200,,http://localhost:3000/de/blog/kategorie/einkaufsfuehrer/was-ist-frisches-olivenoel-vorteile/,/de/blog/kategorie/einkaufsfuehrer/was-ist-frisches-olivenoel-vorteile/,200,0,none,true,true,false,http://localhost:3000/de/blog/kategorie/einkaufsfuehrer/was-ist-frisches-olivenoel-vorteile/,LOCAL_INDEXABLE_200,1,false
local,New Local Project,local-project-sitemap,http://localhost:3000/nl/blog/categorie/koopgids/wat-is-nieuwe-olijfolie-kopen/,/nl/blog/categorie/koopgids/wat-is-nieuwe-olijfolie-kopen/,200,,http://localhost:3000/nl/blog/categorie/koopgids/wat-is-nieuwe-olijfolie-kopen/,/nl/blog/categorie/koopgids/wat-is-nieuwe-olijfolie-kopen/,200,0,none,true,true,false,http://localhost:3000/nl/blog/categorie/koopgids/wat-is-nieuwe-olijfolie-kopen/,LOCAL_INDEXABLE_200,1,false
local,New Local Project,local-project-sitemap,http://localhost:3000/da/blog/kategori/k-bsguide/hvad-er-ny-olivenolie-fordele/,/da/blog/kategori/k-bsguide/hvad-er-ny-olivenolie-fordele/,200,,http://localhost:3000/da/blog/kategori/k-bsguide/hvad-er-ny-olivenolie-fordele/,/da/blog/kategori/k-bsguide/hvad-er-ny-olivenolie-fordele/,200,0,none,true,true,false,http://localhost:3000/da/blog/kategori/k-bsguide/hvad-er-ny-olivenolie-fordele/,LOCAL_INDEXABLE_200,1,false
local,New Local Project,local-project-sitemap,http://localhost:3000/no/blog/kategori/kj-psguide/hva-er-ny-olivenolje-fordeler/,/no/blog/kategori/kj-psguide/hva-er-ny-olivenolje-fordeler/,200,,http://localhost:3000/no/blog/kategori/kj-psguide/hva-er-ny-olivenolje-fordeler/,/no/blog/kategori/kj-psguide/hva-er-ny-olivenolje-fordeler/,200,0,none,true,true,false,http://localhost:3000/no/blog/kategori/kj-psguide/hva-er-ny-olivenolje-fordeler/,LOCAL_INDEXABLE_200,1,false
local,New Local Project,local-project-sitemap,http://localhost:3000/blog/categoria/consigli-di-acquisto/dop-igp-100-italiano-differenze/,/blog/categoria/consigli-di-acquisto/dop-igp-100-italiano-differenze/,200,,http://localhost:3000/blog/categoria/consigli-di-acquisto/dop-igp-100-italiano-differenze/,/blog/categoria/consigli-di-acquisto/dop-igp-100-italiano-differenze/,200,0,none,true,true,false,http://localhost:3000/blog/categoria/consigli-di-acquisto/dop-igp-100-italiano-differenze/,LOCAL_INDEXABLE_200,1,false
local,New Local Project,local-project-sitemap,http://localhost:3000/en/blog/category/buying-guide/dop-igp-100-percent-italian-olive-oil-labels-explained/,/en/blog/category/buying-guide/dop-igp-100-percent-italian-olive-oil-labels-explained/,200,,http://localhost:3000/en/blog/category/buying-guide/dop-igp-100-percent-italian-olive-oil-labels-explained/,/en/blog/category/buying-guide/dop-igp-100-percent-italian-olive-oil-labels-explained/,200,0,none,true,true,false,http://localhost:3000/en/blog/category/buying-guide/dop-igp-100-percent-italian-olive-oil-labels-explained/,LOCAL_INDEXABLE_200,1,false
local,New Local Project,local-project-sitemap,http://localhost:3000/de/blog/kategorie/einkaufsfuehrer/gud-gga-100-prozent-italienisches-olivenoel-etiketten-erklaert/,/de/blog/kategorie/einkaufsfuehrer/gud-gga-100-prozent-italienisches-olivenoel-etiketten-erklaert/,200,,http://localhost:3000/de/blog/kategorie/einkaufsfuehrer/gud-gga-100-prozent-italienisches-olivenoel-etiketten-erklaert/,/de/blog/kategorie/einkaufsfuehrer/gud-gga-100-prozent-italienisches-olivenoel-etiketten-erklaert/,200,0,none,true,true,false,http://localhost:3000/de/blog/kategorie/einkaufsfuehrer/gud-gga-100-prozent-italienisches-olivenoel-etiketten-erklaert/,LOCAL_INDEXABLE_200,1,false
local,New Local Project,local-project-sitemap,http://localhost:3000/nl/blog/categorie/koopgids/bob-bgp-100-procent-italiaanse-olijfolie-keurmerken-uitleg/,/nl/blog/categorie/koopgids/bob-bgp-100-procent-italiaanse-olijfolie-keurmerken-uitleg/,200,,http://localhost:3000/nl/blog/categorie/koopgids/bob-bgp-100-procent-italiaanse-olijfolie-keurmerken-uitleg/,/nl/blog/categorie/koopgids/bob-bgp-100-procent-italiaanse-olijfolie-keurmerken-uitleg/,200,0,none,true,true,false,http://localhost:3000/nl/blog/categorie/koopgids/bob-bgp-100-procent-italiaanse-olijfolie-keurmerken-uitleg/,LOCAL_INDEXABLE_200,1,false
local,New Local Project,local-project-sitemap,http://localhost:3000/da/blog/kategori/k-bsguide/bob-bgp-100-procent-italiensk-olivenolie-maerkater-forklaret/,/da/blog/kategori/k-bsguide/bob-bgp-100-procent-italiensk-olivenolie-maerkater-forklaret/,200,,http://localhost:3000/da/blog/kategori/k-bsguide/bob-bgp-100-procent-italiensk-olivenolie-maerkater-forklaret/,/da/blog/kategori/k-bsguide/bob-bgp-100-procent-italiensk-olivenolie-maerkater-forklaret/,200,0,none,true,true,false,http://localhost:3000/da/blog/kategori/k-bsguide/bob-bgp-100-procent-italiensk-olivenolie-maerkater-forklaret/,LOCAL_INDEXABLE_200,1,false
local,New Local Project,local-project-sitemap,http://localhost:3000/no/blog/kategori/kj-psguide/dop-igp-100-prosent-italiensk-olivenolje-merking-forklart/,/no/blog/kategori/kj-psguide/dop-igp-100-prosent-italiensk-olivenolje-merking-forklart/,200,,http://localhost:3000/no/blog/kategori/kj-psguide/dop-igp-100-prosent-italiensk-olivenolje-merking-forklart/,/no/blog/kategori/kj-psguide/dop-igp-100-prosent-italiensk-olivenolje-merking-forklart/,200,0,none,true,true,false,http://localhost:3000/no/blog/kategori/kj-psguide/dop-igp-100-prosent-italiensk-olivenolje-merking-forklart/,LOCAL_INDEXABLE_200,1,false
local,New Local Project,local-project-sitemap,http://localhost:3000/blog/categoria/informazioni-sull-olio-evo/amaro-piccante-olio-non-e-difetto/,/blog/categoria/informazioni-sull-olio-evo/amaro-piccante-olio-non-e-difetto/,200,,http://localhost:3000/blog/categoria/informazioni-sull-olio-evo/amaro-piccante-olio-non-e-difetto/,/blog/categoria/informazioni-sull-olio-evo/amaro-piccante-olio-non-e-difetto/,200,0,none,true,true,false,http://localhost:3000/blog/categoria/informazioni-sull-olio-evo/amaro-piccante-olio-non-e-difetto/,LOCAL_INDEXABLE_200,1,false
local,New Local Project,local-project-sitemap,http://localhost:3000/en/blog/category/olive-oil-info/bitter-and-pungent-in-olive-oil-not-a-defect/,/en/blog/category/olive-oil-info/bitter-and-pungent-in-olive-oil-not-a-defect/,200,,http://localhost:3000/en/blog/category/olive-oil-info/bitter-and-pungent-in-olive-oil-not-a-defect/,/en/blog/category/olive-oil-info/bitter-and-pungent-in-olive-oil-not-a-defect/,200,0,none,true,true,false,http://localhost:3000/en/blog/category/olive-oil-info/bitter-and-pungent-in-olive-oil-not-a-defect/,LOCAL_INDEXABLE_200,1,false
local,New Local Project,local-project-sitemap,http://localhost:3000/de/blog/kategorie/olivenol-infos/bitter-und-scharf-im-olivenoel-kein-fehler/,/de/blog/kategorie/olivenol-infos/bitter-und-scharf-im-olivenoel-kein-fehler/,200,,http://localhost:3000/de/blog/kategorie/olivenol-infos/bitter-und-scharf-im-olivenoel-kein-fehler/,/de/blog/kategorie/olivenol-infos/bitter-und-scharf-im-olivenoel-kein-fehler/,200,0,none,true,true,false,http://localhost:3000/de/blog/kategorie/olivenol-infos/bitter-und-scharf-im-olivenoel-kein-fehler/,LOCAL_INDEXABLE_200,1,false
local,New Local Project,local-project-sitemap,http://localhost:3000/nl/blog/categorie/olijfolie-info/bitter-en-pittig-in-olijfolie-geen-defect/,/nl/blog/categorie/olijfolie-info/bitter-en-pittig-in-olijfolie-geen-defect/,200,,http://localhost:3000/nl/blog/categorie/olijfolie-info/bitter-en-pittig-in-olijfolie-geen-defect/,/nl/blog/categorie/olijfolie-info/bitter-en-pittig-in-olijfolie-geen-defect/,200,0,none,true,true,false,http://localhost:3000/nl/blog/categorie/olijfolie-info/bitter-en-pittig-in-olijfolie-geen-defect/,LOCAL_INDEXABLE_200,1,false
local,New Local Project,local-project-sitemap,http://localhost:3000/da/blog/kategori/olivenolie-info/bitter-og-skarp-i-olivenolie-ikke-en-fejl/,/da/blog/kategori/olivenolie-info/bitter-og-skarp-i-olivenolie-ikke-en-fejl/,200,,http://localhost:3000/da/blog/kategori/olivenolie-info/bitter-og-skarp-i-olivenolie-ikke-en-fejl/,/da/blog/kategori/olivenolie-info/bitter-og-skarp-i-olivenolie-ikke-en-fejl/,200,0,none,true,true,false,http://localhost:3000/da/blog/kategori/olivenolie-info/bitter-og-skarp-i-olivenolie-ikke-en-fejl/,LOCAL_INDEXABLE_200,1,false
local,New Local Project,local-project-sitemap,http://localhost:3000/no/blog/kategori/olivenolje-info/bitter-og-skarp-i-olivenolje-ikke-en-feil/,/no/blog/kategori/olivenolje-info/bitter-og-skarp-i-olivenolje-ikke-en-feil/,200,,http://localhost:3000/no/blog/kategori/olivenolje-info/bitter-og-skarp-i-olivenolje-ikke-en-feil/,/no/blog/kategori/olivenolje-info/bitter-og-skarp-i-olivenolje-ikke-en-feil/,200,0,none,true,true,false,http://localhost:3000/no/blog/kategori/olivenolje-info/bitter-og-skarp-i-olivenolje-ikke-en-feil/,LOCAL_INDEXABLE_200,1,false
local,New Local Project,local-project-sitemap,http://localhost:3000/blog/categoria/conservazione/conservare-olio-casa/,/blog/categoria/conservazione/conservare-olio-casa/,200,,http://localhost:3000/blog/categoria/conservazione/conservare-olio-casa/,/blog/categoria/conservazione/conservare-olio-casa/,200,0,none,true,true,false,http://localhost:3000/blog/categoria/conservazione/conservare-olio-casa/,LOCAL_INDEXABLE_200,1,false
local,New Local Project,local-project-sitemap,http://localhost:3000/en/blog/category/storage/how-to-store-evoo-at-home-light-oxygen-temperature/,/en/blog/category/storage/how-to-store-evoo-at-home-light-oxygen-temperature/,200,,http://localhost:3000/en/blog/category/storage/how-to-store-evoo-at-home-light-oxygen-temperature/,/en/blog/category/storage/how-to-store-evoo-at-home-light-oxygen-temperature/,200,0,none,true,true,false,http://localhost:3000/en/blog/category/storage/how-to-store-evoo-at-home-light-oxygen-temperature/,LOCAL_INDEXABLE_200,1,false
local,New Local Project,local-project-sitemap,http://localhost:3000/de/blog/kategorie/lagerung/olivenoel-richtig-lagern-licht-sauerstoff-temperatur/,/de/blog/kategorie/lagerung/olivenoel-richtig-lagern-licht-sauerstoff-temperatur/,200,,http://localhost:3000/de/blog/kategorie/lagerung/olivenoel-richtig-lagern-licht-sauerstoff-temperatur/,/de/blog/kategorie/lagerung/olivenoel-richtig-lagern-licht-sauerstoff-temperatur/,200,0,none,true,true,false,http://localhost:3000/de/blog/kategorie/lagerung/olivenoel-richtig-lagern-licht-sauerstoff-temperatur/,LOCAL_INDEXABLE_200,1,false
local,New Local Project,local-project-sitemap,http://localhost:3000/nl/blog/categorie/lagring/olijfolie-bewaren-licht-zuurstof-temperatuur/,/nl/blog/categorie/lagring/olijfolie-bewaren-licht-zuurstof-temperatuur/,200,,http://localhost:3000/nl/blog/categorie/lagring/olijfolie-bewaren-licht-zuurstof-temperatuur/,/nl/blog/categorie/lagring/olijfolie-bewaren-licht-zuurstof-temperatuur/,200,0,none,true,true,false,http://localhost:3000/nl/blog/categorie/lagring/olijfolie-bewaren-licht-zuurstof-temperatuur/,LOCAL_INDEXABLE_200,1,false
local,New Local Project,local-project-sitemap,http://localhost:3000/da/blog/kategori/lagring/opbevaring-af-olivenolie-hjemme/,/da/blog/kategori/lagring/opbevaring-af-olivenolie-hjemme/,200,,http://localhost:3000/da/blog/kategori/lagring/opbevaring-af-olivenolie-hjemme/,/da/blog/kategori/lagring/opbevaring-af-olivenolie-hjemme/,200,0,none,true,true,false,http://localhost:3000/da/blog/kategori/lagring/opbevaring-af-olivenolie-hjemme/,LOCAL_INDEXABLE_200,1,false
local,New Local Project,local-project-sitemap,http://localhost:3000/no/blog/kategori/lagring/oppbevaring-af-olivenolje-hjemme/,/no/blog/kategori/lagring/oppbevaring-af-olivenolje-hjemme/,200,,http://localhost:3000/no/blog/kategori/lagring/oppbevaring-af-olivenolje-hjemme/,/no/blog/kategori/lagring/oppbevaring-af-olivenolje-hjemme/,200,0,none,true,true,false,http://localhost:3000/no/blog/kategori/lagring/oppbevaring-af-olivenolje-hjemme/,LOCAL_INDEXABLE_200,1,false
local,New Local Project,local-project-sitemap,http://localhost:3000/blog/categoria/difetti-dell-olio-evo/come-capire-olio-rancido/,/blog/categoria/difetti-dell-olio-evo/come-capire-olio-rancido/,200,,http://localhost:3000/blog/categoria/difetti-dell-olio-evo/come-capire-olio-rancido/,/blog/categoria/difetti-dell-olio-evo/come-capire-olio-rancido/,200,0,none,true,true,false,http://localhost:3000/blog/categoria/difetti-dell-olio-evo/come-capire-olio-rancido/,LOCAL_INDEXABLE_200,1,false
local,New Local Project,local-project-sitemap,http://localhost:3000/en/blog/category/olive-oil-defects/how-to-tell-if-olive-oil-is-rancid/,/en/blog/category/olive-oil-defects/how-to-tell-if-olive-oil-is-rancid/,200,,http://localhost:3000/en/blog/category/olive-oil-defects/how-to-tell-if-olive-oil-is-rancid/,/en/blog/category/olive-oil-defects/how-to-tell-if-olive-oil-is-rancid/,200,0,none,true,true,false,http://localhost:3000/en/blog/category/olive-oil-defects/how-to-tell-if-olive-oil-is-rancid/,LOCAL_INDEXABLE_200,1,false
local,New Local Project,local-project-sitemap,http://localhost:3000/de/blog/kategorie/fehler-im-olivenoel/wie-man-ranziges-olivenoel-erkennt/,/de/blog/kategorie/fehler-im-olivenoel/wie-man-ranziges-olivenoel-erkennt/,200,,http://localhost:3000/de/blog/kategorie/fehler-im-olivenoel/wie-man-ranziges-olivenoel-erkennt/,/de/blog/kategorie/fehler-im-olivenoel/wie-man-ranziges-olivenoel-erkennt/,200,0,none,true,true,false,http://localhost:3000/de/blog/kategorie/fehler-im-olivenoel/wie-man-ranziges-olivenoel-erkennt/,LOCAL_INDEXABLE_200,1,false
local,New Local Project,local-project-sitemap,http://localhost:3000/nl/blog/categorie/olijfolie-defecten/hoe-herken-je-ranzige-olijfolie/,/nl/blog/categorie/olijfolie-defecten/hoe-herken-je-ranzige-olijfolie/,200,,http://localhost:3000/nl/blog/categorie/olijfolie-defecten/hoe-herken-je-ranzige-olijfolie/,/nl/blog/categorie/olijfolie-defecten/hoe-herken-je-ranzige-olijfolie/,200,0,none,true,true,false,http://localhost:3000/nl/blog/categorie/olijfolie-defecten/hoe-herken-je-ranzige-olijfolie/,LOCAL_INDEXABLE_200,1,false
local,New Local Project,local-project-sitemap,http://localhost:3000/da/blog/kategori/olivenolie-defekter/hvordan-genkender-man-harsk-olivenolie/,/da/blog/kategori/olivenolie-defekter/hvordan-genkender-man-harsk-olivenolie/,200,,http://localhost:3000/da/blog/kategori/olivenolie-defekter/hvordan-genkender-man-harsk-olivenolie/,/da/blog/kategori/olivenolie-defekter/hvordan-genkender-man-harsk-olivenolie/,200,0,none,true,true,false,http://localhost:3000/da/blog/kategori/olivenolie-defekter/hvordan-genkender-man-harsk-olivenolie/,LOCAL_INDEXABLE_200,1,false
local,New Local Project,local-project-sitemap,http://localhost:3000/no/blog/kategori/olivenolje-defekter/hvordan-gjenkjenne-harsk-olivenolje/,/no/blog/kategori/olivenolje-defekter/hvordan-gjenkjenne-harsk-olivenolje/,200,,http://localhost:3000/no/blog/kategori/olivenolje-defekter/hvordan-gjenkjenne-harsk-olivenolje/,/no/blog/kategori/olivenolje-defekter/hvordan-gjenkjenne-harsk-olivenolje/,200,0,none,true,true,false,http://localhost:3000/no/blog/kategori/olivenolje-defekter/hvordan-gjenkjenne-harsk-olivenolje/,LOCAL_INDEXABLE_200,1,false
local,New Local Project,local-project-sitemap,http://localhost:3000/blog/categoria/informazioni-sull-olio-evo/colore-olio-verde-migliore/,/blog/categoria/informazioni-sull-olio-evo/colore-olio-verde-migliore/,200,,http://localhost:3000/blog/categoria/informazioni-sull-olio-evo/colore-olio-verde-migliore/,/blog/categoria/informazioni-sull-olio-evo/colore-olio-verde-migliore/,200,0,none,true,true,false,http://localhost:3000/blog/categoria/informazioni-sull-olio-evo/colore-olio-verde-migliore/,LOCAL_INDEXABLE_200,1,false
local,New Local Project,local-project-sitemap,http://localhost:3000/en/blog/category/olive-oil-info/olive-oil-color-myth-is-green-better/,/en/blog/category/olive-oil-info/olive-oil-color-myth-is-green-better/,200,,http://localhost:3000/en/blog/category/olive-oil-info/olive-oil-color-myth-is-green-better/,/en/blog/category/olive-oil-info/olive-oil-color-myth-is-green-better/,200,0,none,true,true,false,http://localhost:3000/en/blog/category/olive-oil-info/olive-oil-color-myth-is-green-better/,LOCAL_INDEXABLE_200,1,false
local,New Local Project,local-project-sitemap,http://localhost:3000/de/blog/kategorie/wissen-ueber-olivenoel/olivenoel-farbe-ist-gruen-besser/,/de/blog/kategorie/wissen-ueber-olivenoel/olivenoel-farbe-ist-gruen-besser/,200,,http://localhost:3000/de/blog/kategorie/wissen-ueber-olivenoel/olivenoel-farbe-ist-gruen-besser/,/de/blog/kategorie/wissen-ueber-olivenoel/olivenoel-farbe-ist-gruen-besser/,200,0,none,true,true,false,http://localhost:3000/de/blog/kategorie/wissen-ueber-olivenoel/olivenoel-farbe-ist-gruen-besser/,LOCAL_INDEXABLE_200,1,false
local,New Local Project,local-project-sitemap,http://localhost:3000/nl/blog/categorie/weten-over-olijfolie/kleur-olijfolie-is-groen-beter/,/nl/blog/categorie/weten-over-olijfolie/kleur-olijfolie-is-groen-beter/,200,,http://localhost:3000/nl/blog/categorie/weten-over-olijfolie/kleur-olijfolie-is-groen-beter/,/nl/blog/categorie/weten-over-olijfolie/kleur-olijfolie-is-groen-beter/,200,0,none,true,true,false,http://localhost:3000/nl/blog/categorie/weten-over-olijfolie/kleur-olijfolie-is-groen-beter/,LOCAL_INDEXABLE_200,1,false
local,New Local Project,local-project-sitemap,http://localhost:3000/da/blog/kategori/olivenolie-info/olivenolie-farve-er-groen-bedre/,/da/blog/kategori/olivenolie-info/olivenolie-farve-er-groen-bedre/,200,,http://localhost:3000/da/blog/kategori/olivenolie-info/olivenolie-farve-er-groen-bedre/,/da/blog/kategori/olivenolie-info/olivenolie-farve-er-groen-bedre/,200,0,none,true,true,false,http://localhost:3000/da/blog/kategori/olivenolie-info/olivenolie-farve-er-groen-bedre/,LOCAL_INDEXABLE_200,1,false
local,New Local Project,local-project-sitemap,http://localhost:3000/no/blog/kategori/olivenolje-info/olivenoljens-farge-er-groenn-best/,/no/blog/kategori/olivenolje-info/olivenoljens-farge-er-groenn-best/,200,,http://localhost:3000/no/blog/kategori/olivenolje-info/olivenoljens-farge-er-groenn-best/,/no/blog/kategori/olivenolje-info/olivenoljens-farge-er-groenn-best/,200,0,none,true,true,false,http://localhost:3000/no/blog/kategori/olivenolje-info/olivenoljens-farge-er-groenn-best/,LOCAL_INDEXABLE_200,1,false
local,New Local Project,local-project-sitemap,http://localhost:3000/blog/categoria/consumo-corretto/punto-di-fumo-friggere-evo/,/blog/categoria/consumo-corretto/punto-di-fumo-friggere-evo/,200,,http://localhost:3000/blog/categoria/consumo-corretto/punto-di-fumo-friggere-evo/,/blog/categoria/consumo-corretto/punto-di-fumo-friggere-evo/,200,0,none,true,true,false,http://localhost:3000/blog/categoria/consumo-corretto/punto-di-fumo-friggere-evo/,LOCAL_INDEXABLE_200,1,false
local,New Local Project,local-project-sitemap,http://localhost:3000/en/blog/category/proper-usage/smoke-point-frying-with-extra-virgin-olive-oil/,/en/blog/category/proper-usage/smoke-point-frying-with-extra-virgin-olive-oil/,200,,http://localhost:3000/en/blog/category/proper-usage/smoke-point-frying-with-extra-virgin-olive-oil/,/en/blog/category/proper-usage/smoke-point-frying-with-extra-virgin-olive-oil/,200,0,none,true,true,false,http://localhost:3000/en/blog/category/proper-usage/smoke-point-frying-with-extra-virgin-olive-oil/,LOCAL_INDEXABLE_200,1,false
local,New Local Project,local-project-sitemap,http://localhost:3000/de/blog/kategorie/richtiges-geniessen/rauchpunkt-braten-mit-olivenoel-extra/,/de/blog/kategorie/richtiges-geniessen/rauchpunkt-braten-mit-olivenoel-extra/,200,,http://localhost:3000/de/blog/kategorie/richtiges-geniessen/rauchpunkt-braten-mit-olivenoel-extra/,/de/blog/kategorie/richtiges-geniessen/rauchpunkt-braten-mit-olivenoel-extra/,200,0,none,true,true,false,http://localhost:3000/de/blog/kategorie/richtiges-geniessen/rauchpunkt-braten-mit-olivenoel-extra/,LOCAL_INDEXABLE_200,1,false
local,New Local Project,local-project-sitemap,http://localhost:3000/nl/blog/categorie/correct-gebruik/rookpunt-frituren-met-extra-vierge-olijfolie/,/nl/blog/categorie/correct-gebruik/rookpunt-frituren-met-extra-vierge-olijfolie/,200,,http://localhost:3000/nl/blog/categorie/correct-gebruik/rookpunt-frituren-met-extra-vierge-olijfolie/,/nl/blog/categorie/correct-gebruik/rookpunt-frituren-met-extra-vierge-olijfolie/,200,0,none,true,true,false,http://localhost:3000/nl/blog/categorie/correct-gebruik/rookpunt-frituren-met-extra-vierge-olijfolie/,LOCAL_INDEXABLE_200,1,false
local,New Local Project,local-project-sitemap,http://localhost:3000/da/blog/kategori/korrekt-forbrug/rygepunkt-kan-man-stege-i-ekstra-jomfruolivenolie/,/da/blog/kategori/korrekt-forbrug/rygepunkt-kan-man-stege-i-ekstra-jomfruolivenolie/,200,,http://localhost:3000/da/blog/kategori/korrekt-forbrug/rygepunkt-kan-man-stege-i-ekstra-jomfruolivenolie/,/da/blog/kategori/korrekt-forbrug/rygepunkt-kan-man-stege-i-ekstra-jomfruolivenolie/,200,0,none,true,true,false,http://localhost:3000/da/blog/kategori/korrekt-forbrug/rygepunkt-kan-man-stege-i-ekstra-jomfruolivenolie/,LOCAL_INDEXABLE_200,1,false
local,New Local Project,local-project-sitemap,http://localhost:3000/no/blog/kategori/riktig-bruk/rygepunkt-kan-man-steke-i-ekstra-jomfruolivenolje/,/no/blog/kategori/riktig-bruk/rygepunkt-kan-man-steke-i-ekstra-jomfruolivenolje/,200,,http://localhost:3000/no/blog/kategori/riktig-bruk/rygepunkt-kan-man-steke-i-ekstra-jomfruolivenolje/,/no/blog/kategori/riktig-bruk/rygepunkt-kan-man-steke-i-ekstra-jomfruolivenolje/,200,0,none,true,true,false,http://localhost:3000/no/blog/kategori/riktig-bruk/rygepunkt-kan-man-steke-i-ekstra-jomfruolivenolje/,LOCAL_INDEXABLE_200,1,false
local,New Local Project,local-project-sitemap,http://localhost:3000/blog/categoria/salute-benessere/calorie-olio-evo-porzioni/,/blog/categoria/salute-benessere/calorie-olio-evo-porzioni/,200,,http://localhost:3000/blog/categoria/salute-benessere/calorie-olio-evo-porzioni/,/blog/categoria/salute-benessere/calorie-olio-evo-porzioni/,200,0,none,true,true,false,http://localhost:3000/blog/categoria/salute-benessere/calorie-olio-evo-porzioni/,LOCAL_INDEXABLE_200,1,false
local,New Local Project,local-project-sitemap,http://localhost:3000/en/blog/category/health-wellbeing/calories-extra-virgin-olive-oil-recommended-portions/,/en/blog/category/health-wellbeing/calories-extra-virgin-olive-oil-recommended-portions/,200,,http://localhost:3000/en/blog/category/health-wellbeing/calories-extra-virgin-olive-oil-recommended-portions/,/en/blog/category/health-wellbeing/calories-extra-virgin-olive-oil-recommended-portions/,200,0,none,true,true,false,http://localhost:3000/en/blog/category/health-wellbeing/calories-extra-virgin-olive-oil-recommended-portions/,LOCAL_INDEXABLE_200,1,false
local,New Local Project,local-project-sitemap,http://localhost:3000/de/blog/kategorie/gesundheit-wohlbefinden/kalorien-olivenoel-extra-empfohlene-portionen/,/de/blog/kategorie/gesundheit-wohlbefinden/kalorien-olivenoel-extra-empfohlene-portionen/,200,,http://localhost:3000/de/blog/kategorie/gesundheit-wohlbefinden/kalorien-olivenoel-extra-empfohlene-portionen/,/de/blog/kategorie/gesundheit-wohlbefinden/kalorien-olivenoel-extra-empfohlene-portionen/,200,0,none,true,true,false,http://localhost:3000/de/blog/kategorie/gesundheit-wohlbefinden/kalorien-olivenoel-extra-empfohlene-portionen/,LOCAL_INDEXABLE_200,1,false
local,New Local Project,local-project-sitemap,http://localhost:3000/nl/blog/categorie/gezondheid-welzijn/calorieen-extra-vierge-olijfolie-porties/,/nl/blog/categorie/gezondheid-welzijn/calorieen-extra-vierge-olijfolie-porties/,200,,http://localhost:3000/nl/blog/categorie/gezondheid-welzijn/calorieen-extra-vierge-olijfolie-porties/,/nl/blog/categorie/gezondheid-welzijn/calorieen-extra-vierge-olijfolie-porties/,200,0,none,true,true,false,http://localhost:3000/nl/blog/categorie/gezondheid-welzijn/calorieen-extra-vierge-olijfolie-porties/,LOCAL_INDEXABLE_200,1,false
local,New Local Project,local-project-sitemap,http://localhost:3000/da/blog/kategori/sundhed-velv-re/kalorier-ekstra-jomfruolivenolie-anbefalede-portioner/,/da/blog/kategori/sundhed-velv-re/kalorier-ekstra-jomfruolivenolie-anbefalede-portioner/,200,,http://localhost:3000/da/blog/kategori/sundhed-velv-re/kalorier-ekstra-jomfruolivenolie-anbefalede-portioner/,/da/blog/kategori/sundhed-velv-re/kalorier-ekstra-jomfruolivenolie-anbefalede-portioner/,200,0,none,true,true,false,http://localhost:3000/da/blog/kategori/sundhed-velv-re/kalorier-ekstra-jomfruolivenolie-anbefalede-portioner/,LOCAL_INDEXABLE_200,1,false
local,New Local Project,local-project-sitemap,http://localhost:3000/no/blog/kategori/helse-velv-re/kalorier-ekstra-jomfruolivenolje-anbefalte-porsjoner/,/no/blog/kategori/helse-velv-re/kalorier-ekstra-jomfruolivenolje-anbefalte-porsjoner/,200,,http://localhost:3000/no/blog/kategori/helse-velv-re/kalorier-ekstra-jomfruolivenolje-anbefalte-porsjoner/,/no/blog/kategori/helse-velv-re/kalorier-ekstra-jomfruolivenolje-anbefalte-porsjoner/,200,0,none,true,true,false,http://localhost:3000/no/blog/kategori/helse-velv-re/kalorier-ekstra-jomfruolivenolje-anbefalte-porsjoner/,LOCAL_INDEXABLE_200,1,false
local,New Local Project,local-project-sitemap,http://localhost:3000/blog/categoria/salute-benessere/olio-evo-salute-scienza-polifenoli/,/blog/categoria/salute-benessere/olio-evo-salute-scienza-polifenoli/,200,,http://localhost:3000/blog/categoria/salute-benessere/olio-evo-salute-scienza-polifenoli/,/blog/categoria/salute-benessere/olio-evo-salute-scienza-polifenoli/,200,0,none,true,true,false,http://localhost:3000/blog/categoria/salute-benessere/olio-evo-salute-scienza-polifenoli/,LOCAL_INDEXABLE_200,1,false
local,New Local Project,local-project-sitemap,http://localhost:3000/en/blog/category/health-wellbeing/olive-oil-health-benefits-science-polyphenols/,/en/blog/category/health-wellbeing/olive-oil-health-benefits-science-polyphenols/,200,,http://localhost:3000/en/blog/category/health-wellbeing/olive-oil-health-benefits-science-polyphenols/,/en/blog/category/health-wellbeing/olive-oil-health-benefits-science-polyphenols/,200,0,none,true,true,false,http://localhost:3000/en/blog/category/health-wellbeing/olive-oil-health-benefits-science-polyphenols/,LOCAL_INDEXABLE_200,1,false
local,New Local Project,local-project-sitemap,http://localhost:3000/de/blog/kategorie/gesundheit-wohlbefinden/olivenoel-und-gesundheit-wissenschaft-polyphenole/,/de/blog/kategorie/gesundheit-wohlbefinden/olivenoel-und-gesundheit-wissenschaft-polyphenole/,200,,http://localhost:3000/de/blog/kategorie/gesundheit-wohlbefinden/olivenoel-und-gesundheit-wissenschaft-polyphenole/,/de/blog/kategorie/gesundheit-wohlbefinden/olivenoel-und-gesundheit-wissenschaft-polyphenole/,200,0,none,true,true,false,http://localhost:3000/de/blog/kategorie/gesundheit-wohlbefinden/olivenoel-und-gesundheit-wissenschaft-polyphenole/,LOCAL_INDEXABLE_200,1,false
local,New Local Project,local-project-sitemap,http://localhost:3000/nl/blog/categorie/gezondheid-welzijn/olijfolie-gezondheid-wetenschap-polifenolen/,/nl/blog/categorie/gezondheid-welzijn/olijfolie-gezondheid-wetenschap-polifenolen/,200,,http://localhost:3000/nl/blog/categorie/gezondheid-welzijn/olijfolie-gezondheid-wetenschap-polifenolen/,/nl/blog/categorie/gezondheid-welzijn/olijfolie-gezondheid-wetenschap-polifenolen/,200,0,none,true,true,false,http://localhost:3000/nl/blog/categorie/gezondheid-welzijn/olijfolie-gezondheid-wetenschap-polifenolen/,LOCAL_INDEXABLE_200,1,false
local,New Local Project,local-project-sitemap,http://localhost:3000/da/blog/kategori/sundhed-velv-re/olivenolie-sundhed-videnskab-polyfenoler/,/da/blog/kategori/sundhed-velv-re/olivenolie-sundhed-videnskab-polyfenoler/,200,,http://localhost:3000/da/blog/kategori/sundhed-velv-re/olivenolie-sundhed-videnskab-polyfenoler/,/da/blog/kategori/sundhed-velv-re/olivenolie-sundhed-videnskab-polyfenoler/,200,0,none,true,true,false,http://localhost:3000/da/blog/kategori/sundhed-velv-re/olivenolie-sundhed-videnskab-polyfenoler/,LOCAL_INDEXABLE_200,1,false
local,New Local Project,local-project-sitemap,http://localhost:3000/no/blog/kategori/helse-velv-re/olivenolie-sundhed-videnskab-polyfenoler/,/no/blog/kategori/helse-velv-re/olivenolie-sundhed-videnskab-polyfenoler/,200,,http://localhost:3000/no/blog/kategori/helse-velv-re/olivenolie-sundhed-videnskab-polyfenoler/,/no/blog/kategori/helse-velv-re/olivenolie-sundhed-videnskab-polyfenoler/,200,0,none,true,true,false,http://localhost:3000/no/blog/kategori/helse-velv-re/olivenolie-sundhed-videnskab-polyfenoler/,LOCAL_INDEXABLE_200,1,false
local,New Local Project,local-project-sitemap,http://localhost:3000/blog/categoria/conservazione/errori-conservazione-olio-cucina/,/blog/categoria/conservazione/errori-conservazione-olio-cucina/,200,,http://localhost:3000/blog/categoria/conservazione/errori-conservazione-olio-cucina/,/blog/categoria/conservazione/errori-conservazione-olio-cucina/,200,0,none,true,true,false,http://localhost:3000/blog/categoria/conservazione/errori-conservazione-olio-cucina/,LOCAL_INDEXABLE_200,1,false
local,New Local Project,local-project-sitemap,http://localhost:3000/en/blog/category/storage/seven-common-mistakes-storing-olive-oil-kitchen/,/en/blog/category/storage/seven-common-mistakes-storing-olive-oil-kitchen/,200,,http://localhost:3000/en/blog/category/storage/seven-common-mistakes-storing-olive-oil-kitchen/,/en/blog/category/storage/seven-common-mistakes-storing-olive-oil-kitchen/,200,0,none,true,true,false,http://localhost:3000/en/blog/category/storage/seven-common-mistakes-storing-olive-oil-kitchen/,LOCAL_INDEXABLE_200,1,false
local,New Local Project,local-project-sitemap,http://localhost:3000/de/blog/kategorie/lagerung-aufbewahrung/sieben-fehler-lagerung-olivenoel-kueche/,/de/blog/kategorie/lagerung-aufbewahrung/sieben-fehler-lagerung-olivenoel-kueche/,200,,http://localhost:3000/de/blog/kategorie/lagerung-aufbewahrung/sieben-fehler-lagerung-olivenoel-kueche/,/de/blog/kategorie/lagerung-aufbewahrung/sieben-fehler-lagerung-olivenoel-kueche/,200,0,none,true,true,false,http://localhost:3000/de/blog/kategorie/lagerung-aufbewahrung/sieben-fehler-lagerung-olivenoel-kueche/,LOCAL_INDEXABLE_200,1,false
local,New Local Project,local-project-sitemap,http://localhost:3000/nl/blog/categorie/opslag-bewaring/zeven-fouten-bewaren-olijfolie-keuken/,/nl/blog/categorie/opslag-bewaring/zeven-fouten-bewaren-olijfolie-keuken/,200,,http://localhost:3000/nl/blog/categorie/opslag-bewaring/zeven-fouten-bewaren-olijfolie-keuken/,/nl/blog/categorie/opslag-bewaring/zeven-fouten-bewaren-olijfolie-keuken/,200,0,none,true,true,false,http://localhost:3000/nl/blog/categorie/opslag-bewaring/zeven-fouten-bewaren-olijfolie-keuken/,LOCAL_INDEXABLE_200,1,false
local,New Local Project,local-project-sitemap,http://localhost:3000/da/blog/kategori/opbevaring/syv-fejl-opbevaring-olivenolie-koekken/,/da/blog/kategori/opbevaring/syv-fejl-opbevaring-olivenolie-koekken/,200,,http://localhost:3000/da/blog/kategori/opbevaring/syv-fejl-opbevaring-olivenolie-koekken/,/da/blog/kategori/opbevaring/syv-fejl-opbevaring-olivenolie-koekken/,200,0,none,true,true,false,http://localhost:3000/da/blog/kategori/opbevaring/syv-fejl-opbevaring-olivenolie-koekken/,LOCAL_INDEXABLE_200,1,false
local,New Local Project,local-project-sitemap,http://localhost:3000/no/blog/kategori/lagring/syv-feil-lagring-olivenolje-kjoekken/,/no/blog/kategori/lagring/syv-feil-lagring-olivenolje-kjoekken/,200,,http://localhost:3000/no/blog/kategori/lagring/syv-feil-lagring-olivenolje-kjoekken/,/no/blog/kategori/lagring/syv-feil-lagring-olivenolje-kjoekken/,200,0,none,true,true,false,http://localhost:3000/no/blog/kategori/lagring/syv-feil-lagring-olivenolje-kjoekken/,LOCAL_INDEXABLE_200,1,false
local,New Local Project,local-project-sitemap,http://localhost:3000/blog/categoria/consumo-corretto/crudo-vs-cottura-quando-usare-evo/,/blog/categoria/consumo-corretto/crudo-vs-cottura-quando-usare-evo/,200,,http://localhost:3000/blog/categoria/consumo-corretto/crudo-vs-cottura-quando-usare-evo/,/blog/categoria/consumo-corretto/crudo-vs-cottura-quando-usare-evo/,200,0,none,true,true,false,http://localhost:3000/blog/categoria/consumo-corretto/crudo-vs-cottura-quando-usare-evo/,LOCAL_INDEXABLE_200,1,false
local,New Local Project,local-project-sitemap,http://localhost:3000/en/blog/category/proper-usage/raw-vs-cooked-when-extra-virgin-olive-oil-makes-difference/,/en/blog/category/proper-usage/raw-vs-cooked-when-extra-virgin-olive-oil-makes-difference/,200,,http://localhost:3000/en/blog/category/proper-usage/raw-vs-cooked-when-extra-virgin-olive-oil-makes-difference/,/en/blog/category/proper-usage/raw-vs-cooked-when-extra-virgin-olive-oil-makes-difference/,200,0,none,true,true,false,http://localhost:3000/en/blog/category/proper-usage/raw-vs-cooked-when-extra-virgin-olive-oil-makes-difference/,LOCAL_INDEXABLE_200,1,false
local,New Local Project,local-project-sitemap,http://localhost:3000/de/blog/kategorie/richtiges-geniessen/roh-oder-gekocht-wann-olivenoel-den-unterschied-macht/,/de/blog/kategorie/richtiges-geniessen/roh-oder-gekocht-wann-olivenoel-den-unterschied-macht/,200,,http://localhost:3000/de/blog/kategorie/richtiges-geniessen/roh-oder-gekocht-wann-olivenoel-den-unterschied-macht/,/de/blog/kategorie/richtiges-geniessen/roh-oder-gekocht-wann-olivenoel-den-unterschied-macht/,200,0,none,true,true,false,http://localhost:3000/de/blog/kategorie/richtiges-geniessen/roh-oder-gekocht-wann-olivenoel-den-unterschied-macht/,LOCAL_INDEXABLE_200,1,false
local,New Local Project,local-project-sitemap,http://localhost:3000/nl/blog/categorie/correct-gebruik/rauw-of-verwarmd-wanneer-olijfolie-het-verschil-maakt/,/nl/blog/categorie/correct-gebruik/rauw-of-verwarmd-wanneer-olijfolie-het-verschil-maakt/,200,,http://localhost:3000/nl/blog/categorie/correct-gebruik/rauw-of-verwarmd-wanneer-olijfolie-het-verschil-maakt/,/nl/blog/categorie/correct-gebruik/rauw-of-verwarmd-wanneer-olijfolie-het-verschil-maakt/,200,0,none,true,true,false,http://localhost:3000/nl/blog/categorie/correct-gebruik/rauw-of-verwarmd-wanneer-olijfolie-het-verschil-maakt/,LOCAL_INDEXABLE_200,1,false
local,New Local Project,local-project-sitemap,http://localhost:3000/da/blog/kategori/korrekt-forbrug/raa-eller-tilberedt-hvornaar-olivenolie-goer-forskellen/,/da/blog/kategori/korrekt-forbrug/raa-eller-tilberedt-hvornaar-olivenolie-goer-forskellen/,200,,http://localhost:3000/da/blog/kategori/korrekt-forbrug/raa-eller-tilberedt-hvornaar-olivenolie-goer-forskellen/,/da/blog/kategori/korrekt-forbrug/raa-eller-tilberedt-hvornaar-olivenolie-goer-forskellen/,200,0,none,true,true,false,http://localhost:3000/da/blog/kategori/korrekt-forbrug/raa-eller-tilberedt-hvornaar-olivenolie-goer-forskellen/,LOCAL_INDEXABLE_200,1,false
local,New Local Project,local-project-sitemap,http://localhost:3000/no/blog/kategori/riktig-bruk/raa-eller-tilberedt-hvornaar-olivenolje-gjoer-forskjellen/,/no/blog/kategori/riktig-bruk/raa-eller-tilberedt-hvornaar-olivenolje-gjoer-forskjellen/,200,,http://localhost:3000/no/blog/kategori/riktig-bruk/raa-eller-tilberedt-hvornaar-olivenolje-gjoer-forskjellen/,/no/blog/kategori/riktig-bruk/raa-eller-tilberedt-hvornaar-olivenolje-gjoer-forskjellen/,200,0,none,true,true,false,http://localhost:3000/no/blog/kategori/riktig-bruk/raa-eller-tilberedt-hvornaar-olivenolje-gjoer-forskjellen/,LOCAL_INDEXABLE_200,1,false
local,New Local Project,local-project-sitemap,http://localhost:3000/blog/categoria/ricette-e-abbinamenti/miglior-olio-bruschetta/,/blog/categoria/ricette-e-abbinamenti/miglior-olio-bruschetta/,200,,http://localhost:3000/blog/categoria/ricette-e-abbinamenti/miglior-olio-bruschetta/,/blog/categoria/ricette-e-abbinamenti/miglior-olio-bruschetta/,200,0,none,true,true,false,http://localhost:3000/blog/categoria/ricette-e-abbinamenti/miglior-olio-bruschetta/,LOCAL_INDEXABLE_200,1,false
local,New Local Project,local-project-sitemap,http://localhost:3000/en/blog/category/recipes-pairings/best-olive-oil-for-bruschetta/,/en/blog/category/recipes-pairings/best-olive-oil-for-bruschetta/,200,,http://localhost:3000/en/blog/category/recipes-pairings/best-olive-oil-for-bruschetta/,/en/blog/category/recipes-pairings/best-olive-oil-for-bruschetta/,200,0,none,true,true,false,http://localhost:3000/en/blog/category/recipes-pairings/best-olive-oil-for-bruschetta/,LOCAL_INDEXABLE_200,1,false
local,New Local Project,local-project-sitemap,http://localhost:3000/de/blog/kategorie/rezepte-kombinationen/beste-olivenoel-fuer-bruschetta/,/de/blog/kategorie/rezepte-kombinationen/beste-olivenoel-fuer-bruschetta/,200,,http://localhost:3000/de/blog/kategorie/rezepte-kombinationen/beste-olivenoel-fuer-bruschetta/,/de/blog/kategorie/rezepte-kombinationen/beste-olivenoel-fuer-bruschetta/,200,0,none,true,true,false,http://localhost:3000/de/blog/kategorie/rezepte-kombinationen/beste-olivenoel-fuer-bruschetta/,LOCAL_INDEXABLE_200,1,false
local,New Local Project,local-project-sitemap,http://localhost:3000/nl/blog/categorie/recepten-combinaties/beste-olijfolie-voor-bruschetta/,/nl/blog/categorie/recepten-combinaties/beste-olijfolie-voor-bruschetta/,200,,http://localhost:3000/nl/blog/categorie/recepten-combinaties/beste-olijfolie-voor-bruschetta/,/nl/blog/categorie/recepten-combinaties/beste-olijfolie-voor-bruschetta/,200,0,none,true,true,false,http://localhost:3000/nl/blog/categorie/recepten-combinaties/beste-olijfolie-voor-bruschetta/,LOCAL_INDEXABLE_200,1,false
local,New Local Project,local-project-sitemap,http://localhost:3000/da/blog/kategori/opskrifter-parringer/bedste-olivenolie-til-bruschetta/,/da/blog/kategori/opskrifter-parringer/bedste-olivenolie-til-bruschetta/,200,,http://localhost:3000/da/blog/kategori/opskrifter-parringer/bedste-olivenolie-til-bruschetta/,/da/blog/kategori/opskrifter-parringer/bedste-olivenolie-til-bruschetta/,200,0,none,true,true,false,http://localhost:3000/da/blog/kategori/opskrifter-parringer/bedste-olivenolie-til-bruschetta/,LOCAL_INDEXABLE_200,1,false
local,New Local Project,local-project-sitemap,http://localhost:3000/no/blog/kategori/oppskrifter-parringer/beste-olivenolje-til-bruschetta/,/no/blog/kategori/oppskrifter-parringer/beste-olivenolje-til-bruschetta/,200,,http://localhost:3000/no/blog/kategori/oppskrifter-parringer/beste-olivenolje-til-bruschetta/,/no/blog/kategori/oppskrifter-parringer/beste-olivenolje-til-bruschetta/,200,0,none,true,true,false,http://localhost:3000/no/blog/kategori/oppskrifter-parringer/beste-olivenolje-til-bruschetta/,LOCAL_INDEXABLE_200,1,false
local,New Local Project,local-project-sitemap,http://localhost:3000/blog/categoria/ricette-e-abbinamenti/olio-per-insalata/,/blog/categoria/ricette-e-abbinamenti/olio-per-insalata/,200,,http://localhost:3000/blog/categoria/ricette-e-abbinamenti/olio-per-insalata/,/blog/categoria/ricette-e-abbinamenti/olio-per-insalata/,200,0,none,true,true,false,http://localhost:3000/blog/categoria/ricette-e-abbinamenti/olio-per-insalata/,LOCAL_INDEXABLE_200,1,false
local,New Local Project,local-project-sitemap,http://localhost:3000/en/blog/category/recipes-pairings/best-olive-oil-for-salad-dressing/,/en/blog/category/recipes-pairings/best-olive-oil-for-salad-dressing/,200,,http://localhost:3000/en/blog/category/recipes-pairings/best-olive-oil-for-salad-dressing/,/en/blog/category/recipes-pairings/best-olive-oil-for-salad-dressing/,200,0,none,true,true,false,http://localhost:3000/en/blog/category/recipes-pairings/best-olive-oil-for-salad-dressing/,LOCAL_INDEXABLE_200,1,false
local,New Local Project,local-project-sitemap,http://localhost:3000/de/blog/kategorie/rezepte-kombinationen/bestes-olivenoel-fuer-salatdressing/,/de/blog/kategorie/rezepte-kombinationen/bestes-olivenoel-fuer-salatdressing/,200,,http://localhost:3000/de/blog/kategorie/rezepte-kombinationen/bestes-olivenoel-fuer-salatdressing/,/de/blog/kategorie/rezepte-kombinationen/bestes-olivenoel-fuer-salatdressing/,200,0,none,true,true,false,http://localhost:3000/de/blog/kategorie/rezepte-kombinationen/bestes-olivenoel-fuer-salatdressing/,LOCAL_INDEXABLE_200,1,false
local,New Local Project,local-project-sitemap,http://localhost:3000/nl/blog/categorie/recepten-combinaties/beste-olijfolie-voor-salatedressing/,/nl/blog/categorie/recepten-combinaties/beste-olijfolie-voor-salatedressing/,200,,http://localhost:3000/nl/blog/categorie/recepten-combinaties/beste-olijfolie-voor-salatedressing/,/nl/blog/categorie/recepten-combinaties/beste-olijfolie-voor-salatedressing/,200,0,none,true,true,false,http://localhost:3000/nl/blog/categorie/recepten-combinaties/beste-olijfolie-voor-salatedressing/,LOCAL_INDEXABLE_200,1,false
local,New Local Project,local-project-sitemap,http://localhost:3000/da/blog/kategori/opskrifter-parringer/bedste-olivenolie-til-salatdressing/,/da/blog/kategori/opskrifter-parringer/bedste-olivenolie-til-salatdressing/,200,,http://localhost:3000/da/blog/kategori/opskrifter-parringer/bedste-olivenolie-til-salatdressing/,/da/blog/kategori/opskrifter-parringer/bedste-olivenolie-til-salatdressing/,200,0,none,true,true,false,http://localhost:3000/da/blog/kategori/opskrifter-parringer/bedste-olivenolie-til-salatdressing/,LOCAL_INDEXABLE_200,1,false
local,New Local Project,local-project-sitemap,http://localhost:3000/no/blog/kategori/oppskrifter-parringer/beste-olivenolje-til-salatdressing/,/no/blog/kategori/oppskrifter-parringer/beste-olivenolje-til-salatdressing/,200,,http://localhost:3000/no/blog/kategori/oppskrifter-parringer/beste-olivenolje-til-salatdressing/,/no/blog/kategori/oppskrifter-parringer/beste-olivenolje-til-salatdressing/,200,0,none,true,true,false,http://localhost:3000/no/blog/kategori/oppskrifter-parringer/beste-olivenolje-til-salatdressing/,LOCAL_INDEXABLE_200,1,false
local,New Local Project,local-project-sitemap,http://localhost:3000/blog/categoria/ricette-e-abbinamenti/olio-per-pasta-aglio-olio/,/blog/categoria/ricette-e-abbinamenti/olio-per-pasta-aglio-olio/,200,,http://localhost:3000/blog/categoria/ricette-e-abbinamenti/olio-per-pasta-aglio-olio/,/blog/categoria/ricette-e-abbinamenti/olio-per-pasta-aglio-olio/,200,0,none,true,true,false,http://localhost:3000/blog/categoria/ricette-e-abbinamenti/olio-per-pasta-aglio-olio/,LOCAL_INDEXABLE_200,1,false
local,New Local Project,local-project-sitemap,http://localhost:3000/en/blog/category/recipes-pairings/best-olive-oil-for-garlic-oil-pasta/,/en/blog/category/recipes-pairings/best-olive-oil-for-garlic-oil-pasta/,200,,http://localhost:3000/en/blog/category/recipes-pairings/best-olive-oil-for-garlic-oil-pasta/,/en/blog/category/recipes-pairings/best-olive-oil-for-garlic-oil-pasta/,200,0,none,true,true,false,http://localhost:3000/en/blog/category/recipes-pairings/best-olive-oil-for-garlic-oil-pasta/,LOCAL_INDEXABLE_200,1,false
local,New Local Project,local-project-sitemap,http://localhost:3000/de/blog/kategorie/rezepte-kombinationen/olivenoel-fuer-spaghetti-aglio-olio/,/de/blog/kategorie/rezepte-kombinationen/olivenoel-fuer-spaghetti-aglio-olio/,200,,http://localhost:3000/de/blog/kategorie/rezepte-kombinationen/olivenoel-fuer-spaghetti-aglio-olio/,/de/blog/kategorie/rezepte-kombinationen/olivenoel-fuer-spaghetti-aglio-olio/,200,0,none,true,true,false,http://localhost:3000/de/blog/kategorie/rezepte-kombinationen/olivenoel-fuer-spaghetti-aglio-olio/,LOCAL_INDEXABLE_200,1,false
local,New Local Project,local-project-sitemap,http://localhost:3000/nl/blog/categorie/recepten-combinaties/olijfolie-voor-pasta-aglio-olio/,/nl/blog/categorie/recepten-combinaties/olijfolie-voor-pasta-aglio-olio/,200,,http://localhost:3000/nl/blog/categorie/recepten-combinaties/olijfolie-voor-pasta-aglio-olio/,/nl/blog/categorie/recepten-combinaties/olijfolie-voor-pasta-aglio-olio/,200,0,none,true,true,false,http://localhost:3000/nl/blog/categorie/recepten-combinaties/olijfolie-voor-pasta-aglio-olio/,LOCAL_INDEXABLE_200,1,false
local,New Local Project,local-project-sitemap,http://localhost:3000/da/blog/kategori/opskrifter-parringer/olivenolie-til-pasta-aglio-olio/,/da/blog/kategori/opskrifter-parringer/olivenolie-til-pasta-aglio-olio/,200,,http://localhost:3000/da/blog/kategori/opskrifter-parringer/olivenolie-til-pasta-aglio-olio/,/da/blog/kategori/opskrifter-parringer/olivenolie-til-pasta-aglio-olio/,200,0,none,true,true,false,http://localhost:3000/da/blog/kategori/opskrifter-parringer/olivenolie-til-pasta-aglio-olio/,LOCAL_INDEXABLE_200,1,false
local,New Local Project,local-project-sitemap,http://localhost:3000/no/blog/kategori/oppskrifter-parringer/olivenolje-til-pasta-aglio-olio/,/no/blog/kategori/oppskrifter-parringer/olivenolje-til-pasta-aglio-olio/,200,,http://localhost:3000/no/blog/kategori/oppskrifter-parringer/olivenolje-til-pasta-aglio-olio/,/no/blog/kategori/oppskrifter-parringer/olivenolje-til-pasta-aglio-olio/,200,0,none,true,true,false,http://localhost:3000/no/blog/kategori/oppskrifter-parringer/olivenolje-til-pasta-aglio-olio/,LOCAL_INDEXABLE_200,1,false
local,New Local Project,local-project-sitemap,http://localhost:3000/blog/categoria/ricette-e-abbinamenti/olio-per-legumi-zuppe/,/blog/categoria/ricette-e-abbinamenti/olio-per-legumi-zuppe/,200,,http://localhost:3000/blog/categoria/ricette-e-abbinamenti/olio-per-legumi-zuppe/,/blog/categoria/ricette-e-abbinamenti/olio-per-legumi-zuppe/,200,0,none,true,true,false,http://localhost:3000/blog/categoria/ricette-e-abbinamenti/olio-per-legumi-zuppe/,LOCAL_INDEXABLE_200,1,false
local,New Local Project,local-project-sitemap,http://localhost:3000/en/blog/category/recipes-pairings/best-olive-oil-for-soups-legumes/,/en/blog/category/recipes-pairings/best-olive-oil-for-soups-legumes/,200,,http://localhost:3000/en/blog/category/recipes-pairings/best-olive-oil-for-soups-legumes/,/en/blog/category/recipes-pairings/best-olive-oil-for-soups-legumes/,200,0,none,true,true,false,http://localhost:3000/en/blog/category/recipes-pairings/best-olive-oil-for-soups-legumes/,LOCAL_INDEXABLE_200,1,false
local,New Local Project,local-project-sitemap,http://localhost:3000/de/blog/kategorie/rezepte-kombinationen/olivenoel-fuer-suppen-und-eintoepfe/,/de/blog/kategorie/rezepte-kombinationen/olivenoel-fuer-suppen-und-eintoepfe/,200,,http://localhost:3000/de/blog/kategorie/rezepte-kombinationen/olivenoel-fuer-suppen-und-eintoepfe/,/de/blog/kategorie/rezepte-kombinationen/olivenoel-fuer-suppen-und-eintoepfe/,200,0,none,true,true,false,http://localhost:3000/de/blog/kategorie/rezepte-kombinationen/olivenoel-fuer-suppen-und-eintoepfe/,LOCAL_INDEXABLE_200,1,false
local,New Local Project,local-project-sitemap,http://localhost:3000/nl/blog/categorie/recepten-combinaties/olijfolie-voor-soep-en-peulvruchten/,/nl/blog/categorie/recepten-combinaties/olijfolie-voor-soep-en-peulvruchten/,200,,http://localhost:3000/nl/blog/categorie/recepten-combinaties/olijfolie-voor-soep-en-peulvruchten/,/nl/blog/categorie/recepten-combinaties/olijfolie-voor-soep-en-peulvruchten/,200,0,none,true,true,false,http://localhost:3000/nl/blog/categorie/recepten-combinaties/olijfolie-voor-soep-en-peulvruchten/,LOCAL_INDEXABLE_200,1,false
local,New Local Project,local-project-sitemap,http://localhost:3000/da/blog/kategori/opskrifter-parringer/olivenolie-til-baelgfrugter-supper/,/da/blog/kategori/opskrifter-parringer/olivenolie-til-baelgfrugter-supper/,200,,http://localhost:3000/da/blog/kategori/opskrifter-parringer/olivenolie-til-baelgfrugter-supper/,/da/blog/kategori/opskrifter-parringer/olivenolie-til-baelgfrugter-supper/,200,0,none,true,true,false,http://localhost:3000/da/blog/kategori/opskrifter-parringer/olivenolie-til-baelgfrugter-supper/,LOCAL_INDEXABLE_200,1,false
local,New Local Project,local-project-sitemap,http://localhost:3000/no/blog/kategori/oppskrifter-parringer/olivenolje-til-belgfrukter-supper/,/no/blog/kategori/oppskrifter-parringer/olivenolje-til-belgfrukter-supper/,200,,http://localhost:3000/no/blog/kategori/oppskrifter-parringer/olivenolje-til-belgfrukter-supper/,/no/blog/kategori/oppskrifter-parringer/olivenolje-til-belgfrukter-supper/,200,0,none,true,true,false,http://localhost:3000/no/blog/kategori/oppskrifter-parringer/olivenolje-til-belgfrukter-supper/,LOCAL_INDEXABLE_200,1,false
local,New Local Project,local-project-sitemap,http://localhost:3000/blog/categoria/ricette-e-abbinamenti/pane-e-olio-degustazione-ospiti/,/blog/categoria/ricette-e-abbinamenti/pane-e-olio-degustazione-ospiti/,200,,http://localhost:3000/blog/categoria/ricette-e-abbinamenti/pane-e-olio-degustazione-ospiti/,/blog/categoria/ricette-e-abbinamenti/pane-e-olio-degustazione-ospiti/,200,0,none,true,true,false,http://localhost:3000/blog/categoria/ricette-e-abbinamenti/pane-e-olio-degustazione-ospiti/,LOCAL_INDEXABLE_200,1,false
local,New Local Project,local-project-sitemap,http://localhost:3000/en/blog/category/recipes-pairings/bread-and-olive-oil-tasting-guide-guests/,/en/blog/category/recipes-pairings/bread-and-olive-oil-tasting-guide-guests/,200,,http://localhost:3000/en/blog/category/recipes-pairings/bread-and-olive-oil-tasting-guide-guests/,/en/blog/category/recipes-pairings/bread-and-olive-oil-tasting-guide-guests/,200,0,none,true,true,false,http://localhost:3000/en/blog/category/recipes-pairings/bread-and-olive-oil-tasting-guide-guests/,LOCAL_INDEXABLE_200,1,false
local,New Local Project,local-project-sitemap,http://localhost:3000/de/blog/kategorie/rezepte-kombinationen/brot-und-olivenoel-verkostung-gaeste/,/de/blog/kategorie/rezepte-kombinationen/brot-und-olivenoel-verkostung-gaeste/,200,,http://localhost:3000/de/blog/kategorie/rezepte-kombinationen/brot-und-olivenoel-verkostung-gaeste/,/de/blog/kategorie/rezepte-kombinationen/brot-und-olivenoel-verkostung-gaeste/,200,0,none,true,true,false,http://localhost:3000/de/blog/kategorie/rezepte-kombinationen/brot-und-olivenoel-verkostung-gaeste/,LOCAL_INDEXABLE_200,1,false
local,New Local Project,local-project-sitemap,http://localhost:3000/nl/blog/categorie/recepten-combinaties/brood-en-olijfolie-proeverij-gasten/,/nl/blog/categorie/recepten-combinaties/brood-en-olijfolie-proeverij-gasten/,200,,http://localhost:3000/nl/blog/categorie/recepten-combinaties/brood-en-olijfolie-proeverij-gasten/,/nl/blog/categorie/recepten-combinaties/brood-en-olijfolie-proeverij-gasten/,200,0,none,true,true,false,http://localhost:3000/nl/blog/categorie/recepten-combinaties/brood-en-olijfolie-proeverij-gasten/,LOCAL_INDEXABLE_200,1,false
local,New Local Project,local-project-sitemap,http://localhost:3000/da/blog/kategori/opskrifter-parringer/broed-og-olivenolie-smagningsguide-gaester/,/da/blog/kategori/opskrifter-parringer/broed-og-olivenolie-smagningsguide-gaester/,200,,http://localhost:3000/da/blog/kategori/opskrifter-parringer/broed-og-olivenolie-smagningsguide-gaester/,/da/blog/kategori/opskrifter-parringer/broed-og-olivenolie-smagningsguide-gaester/,200,0,none,true,true,false,http://localhost:3000/da/blog/kategori/opskrifter-parringer/broed-og-olivenolie-smagningsguide-gaester/,LOCAL_INDEXABLE_200,1,false
local,New Local Project,local-project-sitemap,http://localhost:3000/no/blog/kategori/oppskrifter-parringer/broed-og-olivenolje-smaksguide-gjester/,/no/blog/kategori/oppskrifter-parringer/broed-og-olivenolje-smaksguide-gjester/,200,,http://localhost:3000/no/blog/kategori/oppskrifter-parringer/broed-og-olivenolje-smaksguide-gjester/,/no/blog/kategori/oppskrifter-parringer/broed-og-olivenolje-smaksguide-gjester/,200,0,none,true,true,false,http://localhost:3000/no/blog/kategori/oppskrifter-parringer/broed-og-olivenolje-smaksguide-gjester/,LOCAL_INDEXABLE_200,1,false
local,New Local Project,local-project-sitemap,http://localhost:3000/blog/categoria/ricette-e-abbinamenti/olio-evo-nei-dolci/,/blog/categoria/ricette-e-abbinamenti/olio-evo-nei-dolci/,200,,http://localhost:3000/blog/categoria/ricette-e-abbinamenti/olio-evo-nei-dolci/,/blog/categoria/ricette-e-abbinamenti/olio-evo-nei-dolci/,200,0,none,true,true,false,http://localhost:3000/blog/categoria/ricette-e-abbinamenti/olio-evo-nei-dolci/,LOCAL_INDEXABLE_200,1,false
local,New Local Project,local-project-sitemap,http://localhost:3000/en/blog/category/recipes-pairings/baking-with-extra-virgin-olive-oil-desserts/,/en/blog/category/recipes-pairings/baking-with-extra-virgin-olive-oil-desserts/,200,,http://localhost:3000/en/blog/category/recipes-pairings/baking-with-extra-virgin-olive-oil-desserts/,/en/blog/category/recipes-pairings/baking-with-extra-virgin-olive-oil-desserts/,200,0,none,true,true,false,http://localhost:3000/en/blog/category/recipes-pairings/baking-with-extra-virgin-olive-oil-desserts/,LOCAL_INDEXABLE_200,1,false
local,New Local Project,local-project-sitemap,http://localhost:3000/de/blog/kategorie/rezepte-kombinationen/backen-mit-olivenoel-extra-desserts/,/de/blog/kategorie/rezepte-kombinationen/backen-mit-olivenoel-extra-desserts/,200,,http://localhost:3000/de/blog/kategorie/rezepte-kombinationen/backen-mit-olivenoel-extra-desserts/,/de/blog/kategorie/rezepte-kombinationen/backen-mit-olivenoel-extra-desserts/,200,0,none,true,true,false,http://localhost:3000/de/blog/kategorie/rezepte-kombinationen/backen-mit-olivenoel-extra-desserts/,LOCAL_INDEXABLE_200,1,false
local,New Local Project,local-project-sitemap,http://localhost:3000/nl/blog/categorie/recepten-combinaties/bakken-met-extra-vierge-olijfolie/,/nl/blog/categorie/recepten-combinaties/bakken-met-extra-vierge-olijfolie/,200,,http://localhost:3000/nl/blog/categorie/recepten-combinaties/bakken-met-extra-vierge-olijfolie/,/nl/blog/categorie/recepten-combinaties/bakken-met-extra-vierge-olijfolie/,200,0,none,true,true,false,http://localhost:3000/nl/blog/categorie/recepten-combinaties/bakken-met-extra-vierge-olijfolie/,LOCAL_INDEXABLE_200,1,false
local,New Local Project,local-project-sitemap,http://localhost:3000/da/blog/kategori/opskrifter-parringer/bagning-med-ekstra-jomfruolivenolie/,/da/blog/kategori/opskrifter-parringer/bagning-med-ekstra-jomfruolivenolie/,200,,http://localhost:3000/da/blog/kategori/opskrifter-parringer/bagning-med-ekstra-jomfruolivenolie/,/da/blog/kategori/opskrifter-parringer/bagning-med-ekstra-jomfruolivenolie/,200,0,none,true,true,false,http://localhost:3000/da/blog/kategori/opskrifter-parringer/bagning-med-ekstra-jomfruolivenolie/,LOCAL_INDEXABLE_200,1,false
local,New Local Project,local-project-sitemap,http://localhost:3000/no/blog/kategori/oppskrifter-parringer/baking-med-ekstra-jomfruolivenolje/,/no/blog/kategori/oppskrifter-parringer/baking-med-ekstra-jomfruolivenolje/,200,,http://localhost:3000/no/blog/kategori/oppskrifter-parringer/baking-med-ekstra-jomfruolivenolje/,/no/blog/kategori/oppskrifter-parringer/baking-med-ekstra-jomfruolivenolje/,200,0,none,true,true,false,http://localhost:3000/no/blog/kategori/oppskrifter-parringer/baking-med-ekstra-jomfruolivenolje/,LOCAL_INDEXABLE_200,1,false
local,New Local Project,local-project-sitemap,http://localhost:3000/blog/categoria/difetti-dell-olio-evo/difetti-olio-evo-guida-completa/,/blog/categoria/difetti-dell-olio-evo/difetti-olio-evo-guida-completa/,200,,http://localhost:3000/blog/categoria/difetti-dell-olio-evo/difetti-olio-evo-guida-completa/,/blog/categoria/difetti-dell-olio-evo/difetti-olio-evo-guida-completa/,200,0,none,true,true,false,http://localhost:3000/blog/categoria/difetti-dell-olio-evo/difetti-olio-evo-guida-completa/,LOCAL_INDEXABLE_200,1,false
local,New Local Project,local-project-sitemap,http://localhost:3000/en/blog/category/olive-oil-defects/extra-virgin-olive-oil-defects-guide/,/en/blog/category/olive-oil-defects/extra-virgin-olive-oil-defects-guide/,200,,http://localhost:3000/en/blog/category/olive-oil-defects/extra-virgin-olive-oil-defects-guide/,/en/blog/category/olive-oil-defects/extra-virgin-olive-oil-defects-guide/,200,0,none,true,true,false,http://localhost:3000/en/blog/category/olive-oil-defects/extra-virgin-olive-oil-defects-guide/,LOCAL_INDEXABLE_200,1,false
local,New Local Project,local-project-sitemap,http://localhost:3000/de/blog/kategorie/olivenolfehler/olivenoelfehler-erkennen-kompletter-leitfaden/,/de/blog/kategorie/olivenolfehler/olivenoelfehler-erkennen-kompletter-leitfaden/,200,,http://localhost:3000/de/blog/kategorie/olivenolfehler/olivenoelfehler-erkennen-kompletter-leitfaden/,/de/blog/kategorie/olivenolfehler/olivenoelfehler-erkennen-kompletter-leitfaden/,200,0,none,true,true,false,http://localhost:3000/de/blog/kategorie/olivenolfehler/olivenoelfehler-erkennen-kompletter-leitfaden/,LOCAL_INDEXABLE_200,1,false
local,New Local Project,local-project-sitemap,http://localhost:3000/nl/blog/categorie/olijfolie-defecten/olijfolie-defecten-herkennen-complete-gids/,/nl/blog/categorie/olijfolie-defecten/olijfolie-defecten-herkennen-complete-gids/,200,,http://localhost:3000/nl/blog/categorie/olijfolie-defecten/olijfolie-defecten-herkennen-complete-gids/,/nl/blog/categorie/olijfolie-defecten/olijfolie-defecten-herkennen-complete-gids/,200,0,none,true,true,false,http://localhost:3000/nl/blog/categorie/olijfolie-defecten/olijfolie-defecten-herkennen-complete-gids/,LOCAL_INDEXABLE_200,1,false
local,New Local Project,local-project-sitemap,http://localhost:3000/da/blog/kategori/olivenoliefejl/olivenoliefejl-guide-til-sensoriske-fejl/,/da/blog/kategori/olivenoliefejl/olivenoliefejl-guide-til-sensoriske-fejl/,200,,http://localhost:3000/da/blog/kategori/olivenoliefejl/olivenoliefejl-guide-til-sensoriske-fejl/,/da/blog/kategori/olivenoliefejl/olivenoliefejl-guide-til-sensoriske-fejl/,200,0,none,true,true,false,http://localhost:3000/da/blog/kategori/olivenoliefejl/olivenoliefejl-guide-til-sensoriske-fejl/,LOCAL_INDEXABLE_200,1,false
local,New Local Project,local-project-sitemap,http://localhost:3000/no/blog/kategori/olivenoljefeil/olivenoljefeil-guide-til-sensoriske-feil/,/no/blog/kategori/olivenoljefeil/olivenoljefeil-guide-til-sensoriske-feil/,200,,http://localhost:3000/no/blog/kategori/olivenoljefeil/olivenoljefeil-guide-til-sensoriske-feil/,/no/blog/kategori/olivenoljefeil/olivenoljefeil-guide-til-sensoriske-feil/,200,0,none,true,true,false,http://localhost:3000/no/blog/kategori/olivenoljefeil/olivenoljefeil-guide-til-sensoriske-feil/,LOCAL_INDEXABLE_200,1,false
local,New Local Project,local-project-sitemap,http://localhost:3000/blog/categoria/difetti-dell-olio-evo/rancido-cause-prevenzione/,/blog/categoria/difetti-dell-olio-evo/rancido-cause-prevenzione/,200,,http://localhost:3000/blog/categoria/difetti-dell-olio-evo/rancido-cause-prevenzione/,/blog/categoria/difetti-dell-olio-evo/rancido-cause-prevenzione/,200,0,none,true,true,false,http://localhost:3000/blog/categoria/difetti-dell-olio-evo/rancido-cause-prevenzione/,LOCAL_INDEXABLE_200,1,false
local,New Local Project,local-project-sitemap,http://localhost:3000/en/blog/category/olive-oil-defects/rancid-olive-oil-causes-prevention/,/en/blog/category/olive-oil-defects/rancid-olive-oil-causes-prevention/,200,,http://localhost:3000/en/blog/category/olive-oil-defects/rancid-olive-oil-causes-prevention/,/en/blog/category/olive-oil-defects/rancid-olive-oil-causes-prevention/,200,0,none,true,true,false,http://localhost:3000/en/blog/category/olive-oil-defects/rancid-olive-oil-causes-prevention/,LOCAL_INDEXABLE_200,1,false
local,New Local Project,local-project-sitemap,http://localhost:3000/de/blog/kategorie/olivenolfehler/ranziges-olivenoel-ursachen-vermeidung/,/de/blog/kategorie/olivenolfehler/ranziges-olivenoel-ursachen-vermeidung/,200,,http://localhost:3000/de/blog/kategorie/olivenolfehler/ranziges-olivenoel-ursachen-vermeidung/,/de/blog/kategorie/olivenolfehler/ranziges-olivenoel-ursachen-vermeidung/,200,0,none,true,true,false,http://localhost:3000/de/blog/kategorie/olivenolfehler/ranziges-olivenoel-ursachen-vermeidung/,LOCAL_INDEXABLE_200,1,false
local,New Local Project,local-project-sitemap,http://localhost:3000/nl/blog/categorie/olijfolie-defecten/rancige-olijfolie-oorzaken-en-voorkomen/,/nl/blog/categorie/olijfolie-defecten/rancige-olijfolie-oorzaken-en-voorkomen/,200,,http://localhost:3000/nl/blog/categorie/olijfolie-defecten/rancige-olijfolie-oorzaken-en-voorkomen/,/nl/blog/categorie/olijfolie-defecten/rancige-olijfolie-oorzaken-en-voorkomen/,200,0,none,true,true,false,http://localhost:3000/nl/blog/categorie/olijfolie-defecten/rancige-olijfolie-oorzaken-en-voorkomen/,LOCAL_INDEXABLE_200,1,false
local,New Local Project,local-project-sitemap,http://localhost:3000/da/blog/kategori/olivenoliefejl/harsk-olivenolie-aarsager-og-forebyggelse/,/da/blog/kategori/olivenoliefejl/harsk-olivenolie-aarsager-og-forebyggelse/,200,,http://localhost:3000/da/blog/kategori/olivenoliefejl/harsk-olivenolie-aarsager-og-forebyggelse/,/da/blog/kategori/olivenoliefejl/harsk-olivenolie-aarsager-og-forebyggelse/,200,0,none,true,true,false,http://localhost:3000/da/blog/kategori/olivenoliefejl/harsk-olivenolie-aarsager-og-forebyggelse/,LOCAL_INDEXABLE_200,1,false
local,New Local Project,local-project-sitemap,http://localhost:3000/no/blog/kategori/olivenoljefeil/harsk-olivenolje-aarsaker-og-forebygging/,/no/blog/kategori/olivenoljefeil/harsk-olivenolje-aarsaker-og-forebygging/,200,,http://localhost:3000/no/blog/kategori/olivenoljefeil/harsk-olivenolje-aarsaker-og-forebygging/,/no/blog/kategori/olivenoljefeil/harsk-olivenolje-aarsaker-og-forebygging/,200,0,none,true,true,false,http://localhost:3000/no/blog/kategori/olivenoljefeil/harsk-olivenolje-aarsaker-og-forebygging/,LOCAL_INDEXABLE_200,1,false
local,New Local Project,local-project-sitemap,http://localhost:3000/blog/categoria/chimica-dell-olio-di-oliva/composizione-chimica-olio-evo/,/blog/categoria/chimica-dell-olio-di-oliva/composizione-chimica-olio-evo/,200,,http://localhost:3000/blog/categoria/chimica-dell-olio-di-oliva/composizione-chimica-olio-evo/,/blog/categoria/chimica-dell-olio-di-oliva/composizione-chimica-olio-evo/,200,0,none,true,true,false,http://localhost:3000/blog/categoria/chimica-dell-olio-di-oliva/composizione-chimica-olio-evo/,LOCAL_INDEXABLE_200,1,false
local,New Local Project,local-project-sitemap,http://localhost:3000/en/blog/category/olive-oil-chemistry/chemical-composition-extra-virgin-olive-oil/,/en/blog/category/olive-oil-chemistry/chemical-composition-extra-virgin-olive-oil/,200,,http://localhost:3000/en/blog/category/olive-oil-chemistry/chemical-composition-extra-virgin-olive-oil/,/en/blog/category/olive-oil-chemistry/chemical-composition-extra-virgin-olive-oil/,200,0,none,true,true,false,http://localhost:3000/en/blog/category/olive-oil-chemistry/chemical-composition-extra-virgin-olive-oil/,LOCAL_INDEXABLE_200,1,false
local,New Local Project,local-project-sitemap,http://localhost:3000/de/blog/kategorie/olivenolchemie/chemische-zusammensetzung-olivenoel-extra/,/de/blog/kategorie/olivenolchemie/chemische-zusammensetzung-olivenoel-extra/,200,,http://localhost:3000/de/blog/kategorie/olivenolchemie/chemische-zusammensetzung-olivenoel-extra/,/de/blog/kategorie/olivenolchemie/chemische-zusammensetzung-olivenoel-extra/,200,0,none,true,true,false,http://localhost:3000/de/blog/kategorie/olivenolchemie/chemische-zusammensetzung-olivenoel-extra/,LOCAL_INDEXABLE_200,1,false
local,New Local Project,local-project-sitemap,http://localhost:3000/nl/blog/categorie/olijfoliechemie/chemische-samenstelling-extra-vierge-olijfolie/,/nl/blog/categorie/olijfoliechemie/chemische-samenstelling-extra-vierge-olijfolie/,200,,http://localhost:3000/nl/blog/categorie/olijfoliechemie/chemische-samenstelling-extra-vierge-olijfolie/,/nl/blog/categorie/olijfoliechemie/chemische-samenstelling-extra-vierge-olijfolie/,200,0,none,true,true,false,http://localhost:3000/nl/blog/categorie/olijfoliechemie/chemische-samenstelling-extra-vierge-olijfolie/,LOCAL_INDEXABLE_200,1,false
local,New Local Project,local-project-sitemap,http://localhost:3000/da/blog/kategori/olivenoliekemi/kemiske-sammensaetning-ekstra-jomfruolivenolie/,/da/blog/kategori/olivenoliekemi/kemiske-sammensaetning-ekstra-jomfruolivenolie/,200,,http://localhost:3000/da/blog/kategori/olivenoliekemi/kemiske-sammensaetning-ekstra-jomfruolivenolie/,/da/blog/kategori/olivenoliekemi/kemiske-sammensaetning-ekstra-jomfruolivenolie/,200,0,none,true,true,false,http://localhost:3000/da/blog/kategori/olivenoliekemi/kemiske-sammensaetning-ekstra-jomfruolivenolie/,LOCAL_INDEXABLE_200,1,false
local,New Local Project,local-project-sitemap,http://localhost:3000/no/blog/kategori/olivenoljekjemi/kjemiske-sammensetten-ekstra-jomfruolivenolje/,/no/blog/kategori/olivenoljekjemi/kjemiske-sammensetten-ekstra-jomfruolivenolje/,200,,http://localhost:3000/no/blog/kategori/olivenoljekjemi/kjemiske-sammensetten-ekstra-jomfruolivenolje/,/no/blog/kategori/olivenoljekjemi/kjemiske-sammensetten-ekstra-jomfruolivenolje/,200,0,none,true,true,false,http://localhost:3000/no/blog/kategori/olivenoljekjemi/kjemiske-sammensetten-ekstra-jomfruolivenolje/,LOCAL_INDEXABLE_200,1,false
local,New Local Project,local-project-sitemap,http://localhost:3000/blog/categoria/chimica-dell-olio-di-oliva/polifenoli-oleocantale-oleuropeina/,/blog/categoria/chimica-dell-olio-di-oliva/polifenoli-oleocantale-oleuropeina/,200,,http://localhost:3000/blog/categoria/chimica-dell-olio-di-oliva/polifenoli-oleocantale-oleuropeina/,/blog/categoria/chimica-dell-olio-di-oliva/polifenoli-oleocantale-oleuropeina/,200,0,none,true,true,false,http://localhost:3000/blog/categoria/chimica-dell-olio-di-oliva/polifenoli-oleocantale-oleuropeina/,LOCAL_INDEXABLE_200,1,false
local,New Local Project,local-project-sitemap,http://localhost:3000/en/blog/category/olive-oil-chemistry/polyphenols-in-olive-oil-oleocanthal-oleuropein-hydroxytyrosol/,/en/blog/category/olive-oil-chemistry/polyphenols-in-olive-oil-oleocanthal-oleuropein-hydroxytyrosol/,200,,http://localhost:3000/en/blog/category/olive-oil-chemistry/polyphenols-in-olive-oil-oleocanthal-oleuropein-hydroxytyrosol/,/en/blog/category/olive-oil-chemistry/polyphenols-in-olive-oil-oleocanthal-oleuropein-hydroxytyrosol/,200,0,none,true,true,false,http://localhost:3000/en/blog/category/olive-oil-chemistry/polyphenols-in-olive-oil-oleocanthal-oleuropein-hydroxytyrosol/,LOCAL_INDEXABLE_200,1,false
local,New Local Project,local-project-sitemap,http://localhost:3000/de/blog/kategorie/olivenolchemie/polyphenole-im-olivenoel-extra-oleocanthal-oleuropein-hydroxytyrosol/,/de/blog/kategorie/olivenolchemie/polyphenole-im-olivenoel-extra-oleocanthal-oleuropein-hydroxytyrosol/,200,,http://localhost:3000/de/blog/kategorie/olivenolchemie/polyphenole-im-olivenoel-extra-oleocanthal-oleuropein-hydroxytyrosol/,/de/blog/kategorie/olivenolchemie/polyphenole-im-olivenoel-extra-oleocanthal-oleuropein-hydroxytyrosol/,200,0,none,true,true,false,http://localhost:3000/de/blog/kategorie/olivenolchemie/polyphenole-im-olivenoel-extra-oleocanthal-oleuropein-hydroxytyrosol/,LOCAL_INDEXABLE_200,1,false
local,New Local Project,local-project-sitemap,http://localhost:3000/nl/blog/categorie/olijfoliechemie/polifenolen-in-olijfolie-oleocanthal-oleuropeine-hydroxytyrosol/,/nl/blog/categorie/olijfoliechemie/polifenolen-in-olijfolie-oleocanthal-oleuropeine-hydroxytyrosol/,200,,http://localhost:3000/nl/blog/categorie/olijfoliechemie/polifenolen-in-olijfolie-oleocanthal-oleuropeine-hydroxytyrosol/,/nl/blog/categorie/olijfoliechemie/polifenolen-in-olijfolie-oleocanthal-oleuropeine-hydroxytyrosol/,200,0,none,true,true,false,http://localhost:3000/nl/blog/categorie/olijfoliechemie/polifenolen-in-olijfolie-oleocanthal-oleuropeine-hydroxytyrosol/,LOCAL_INDEXABLE_200,1,false
local,New Local Project,local-project-sitemap,http://localhost:3000/da/blog/kategori/olivenoliekemi/polyfenoler-i-olivenolie-oleocanthal-oleuropein-hydroxytyrosol/,/da/blog/kategori/olivenoliekemi/polyfenoler-i-olivenolie-oleocanthal-oleuropein-hydroxytyrosol/,200,,http://localhost:3000/da/blog/kategori/olivenoliekemi/polyfenoler-i-olivenolie-oleocanthal-oleuropein-hydroxytyrosol/,/da/blog/kategori/olivenoliekemi/polyfenoler-i-olivenolie-oleocanthal-oleuropein-hydroxytyrosol/,200,0,none,true,true,false,http://localhost:3000/da/blog/kategori/olivenoliekemi/polyfenoler-i-olivenolie-oleocanthal-oleuropein-hydroxytyrosol/,LOCAL_INDEXABLE_200,1,false
local,New Local Project,local-project-sitemap,http://localhost:3000/no/blog/kategori/olivenoljekjemi/polyfenoler-i-olivenolje-oleocanthal-oleuropein-hydroxytyrosol/,/no/blog/kategori/olivenoljekjemi/polyfenoler-i-olivenolje-oleocanthal-oleuropein-hydroxytyrosol/,200,,http://localhost:3000/no/blog/kategori/olivenoljekjemi/polyfenoler-i-olivenolje-oleocanthal-oleuropein-hydroxytyrosol/,/no/blog/kategori/olivenoljekjemi/polyfenoler-i-olivenolje-oleocanthal-oleuropein-hydroxytyrosol/,200,0,none,true,true,false,http://localhost:3000/no/blog/kategori/olivenoljekjemi/polyfenoler-i-olivenolje-oleocanthal-oleuropein-hydroxytyrosol/,LOCAL_INDEXABLE_200,1,false
local,New Local Project,local-project-sitemap,http://localhost:3000/blog/categoria/il-nostro-frantoio/come-nasce-nostro-olio/,/blog/categoria/il-nostro-frantoio/come-nasce-nostro-olio/,200,,http://localhost:3000/blog/categoria/il-nostro-frantoio/come-nasce-nostro-olio/,/blog/categoria/il-nostro-frantoio/come-nasce-nostro-olio/,200,0,none,true,true,false,http://localhost:3000/blog/categoria/il-nostro-frantoio/come-nasce-nostro-olio/,LOCAL_INDEXABLE_200,1,false
local,New Local Project,local-project-sitemap,http://localhost:3000/en/blog/category/our-mill/how-our-oil-is-born-harvest-mill-storage/,/en/blog/category/our-mill/how-our-oil-is-born-harvest-mill-storage/,200,,http://localhost:3000/en/blog/category/our-mill/how-our-oil-is-born-harvest-mill-storage/,/en/blog/category/our-mill/how-our-oil-is-born-harvest-mill-storage/,200,0,none,true,true,false,http://localhost:3000/en/blog/category/our-mill/how-our-oil-is-born-harvest-mill-storage/,LOCAL_INDEXABLE_200,1,false
local,New Local Project,local-project-sitemap,http://localhost:3000/de/blog/kategorie/unsere-oelmuhle/wie-unser-oel-entsteht-ernte-pressung-lagerung/,/de/blog/kategorie/unsere-oelmuhle/wie-unser-oel-entsteht-ernte-pressung-lagerung/,200,,http://localhost:3000/de/blog/kategorie/unsere-oelmuhle/wie-unser-oel-entsteht-ernte-pressung-lagerung/,/de/blog/kategorie/unsere-oelmuhle/wie-unser-oel-entsteht-ernte-pressung-lagerung/,200,0,none,true,true,false,http://localhost:3000/de/blog/kategorie/unsere-oelmuhle/wie-unser-oel-entsteht-ernte-pressung-lagerung/,LOCAL_INDEXABLE_200,1,false
local,New Local Project,local-project-sitemap,http://localhost:3000/nl/blog/categorie/onze-perserij/hoe-onze-olijfolie-wordt-gemaakt/,/nl/blog/categorie/onze-perserij/hoe-onze-olijfolie-wordt-gemaakt/,200,,http://localhost:3000/nl/blog/categorie/onze-perserij/hoe-onze-olijfolie-wordt-gemaakt/,/nl/blog/categorie/onze-perserij/hoe-onze-olijfolie-wordt-gemaakt/,200,0,none,true,true,false,http://localhost:3000/nl/blog/categorie/onze-perserij/hoe-onze-olijfolie-wordt-gemaakt/,LOCAL_INDEXABLE_200,1,false
local,New Local Project,local-project-sitemap,http://localhost:3000/da/blog/kategori/vores-m-lle/olivenoliens-rejse-fra-jord-til-bord/,/da/blog/kategori/vores-m-lle/olivenoliens-rejse-fra-jord-til-bord/,200,,http://localhost:3000/da/blog/kategori/vores-m-lle/olivenoliens-rejse-fra-jord-til-bord/,/da/blog/kategori/vores-m-lle/olivenoliens-rejse-fra-jord-til-bord/,200,0,none,true,true,false,http://localhost:3000/da/blog/kategori/vores-m-lle/olivenoliens-rejse-fra-jord-til-bord/,LOCAL_INDEXABLE_200,1,false
local,New Local Project,local-project-sitemap,http://localhost:3000/no/blog/kategori/var-m-lle/hvordan-olivenoljen-vaar-blir-til/,/no/blog/kategori/var-m-lle/hvordan-olivenoljen-vaar-blir-til/,200,,http://localhost:3000/no/blog/kategori/var-m-lle/hvordan-olivenoljen-vaar-blir-til/,/no/blog/kategori/var-m-lle/hvordan-olivenoljen-vaar-blir-til/,200,0,none,true,true,false,http://localhost:3000/no/blog/kategori/var-m-lle/hvordan-olivenoljen-vaar-blir-til/,LOCAL_INDEXABLE_200,1,false
local,New Local Project,local-project-sitemap,http://localhost:3000/blog/categoria/il-nostro-frantoio/come-degustare-olio-5-minuti/,/blog/categoria/il-nostro-frantoio/come-degustare-olio-5-minuti/,200,,http://localhost:3000/blog/categoria/il-nostro-frantoio/come-degustare-olio-5-minuti/,/blog/categoria/il-nostro-frantoio/come-degustare-olio-5-minuti/,200,0,none,true,true,false,http://localhost:3000/blog/categoria/il-nostro-frantoio/come-degustare-olio-5-minuti/,LOCAL_INDEXABLE_200,1,false
local,New Local Project,local-project-sitemap,http://localhost:3000/en/blog/category/our-mill/how-to-taste-evoo-in-5-minutes-practical-guide/,/en/blog/category/our-mill/how-to-taste-evoo-in-5-minutes-practical-guide/,200,,http://localhost:3000/en/blog/category/our-mill/how-to-taste-evoo-in-5-minutes-practical-guide/,/en/blog/category/our-mill/how-to-taste-evoo-in-5-minutes-practical-guide/,200,0,none,true,true,false,http://localhost:3000/en/blog/category/our-mill/how-to-taste-evoo-in-5-minutes-practical-guide/,LOCAL_INDEXABLE_200,1,false
local,New Local Project,local-project-sitemap,http://localhost:3000/de/blog/kategorie/unsere-oelmuhle/olivenoel-verkosten-in-5-minuten-anleitung/,/de/blog/kategorie/unsere-oelmuhle/olivenoel-verkosten-in-5-minuten-anleitung/,200,,http://localhost:3000/de/blog/kategorie/unsere-oelmuhle/olivenoel-verkosten-in-5-minuten-anleitung/,/de/blog/kategorie/unsere-oelmuhle/olivenoel-verkosten-in-5-minuten-anleitung/,200,0,none,true,true,false,http://localhost:3000/de/blog/kategorie/unsere-oelmuhle/olivenoel-verkosten-in-5-minuten-anleitung/,LOCAL_INDEXABLE_200,1,false
local,New Local Project,local-project-sitemap,http://localhost:3000/nl/blog/categorie/onze-perserij/olijfolie-proeven-in-5-minuten-praktische-gids/,/nl/blog/categorie/onze-perserij/olijfolie-proeven-in-5-minuten-praktische-gids/,200,,http://localhost:3000/nl/blog/categorie/onze-perserij/olijfolie-proeven-in-5-minuten-praktische-gids/,/nl/blog/categorie/onze-perserij/olijfolie-proeven-in-5-minuten-praktische-gids/,200,0,none,true,true,false,http://localhost:3000/nl/blog/categorie/onze-perserij/olijfolie-proeven-in-5-minuten-praktische-gids/,LOCAL_INDEXABLE_200,1,false
local,New Local Project,local-project-sitemap,http://localhost:3000/da/blog/kategori/vores-m-lle/smagning-af-olivenolie-paa-5-minutter/,/da/blog/kategori/vores-m-lle/smagning-af-olivenolie-paa-5-minutter/,200,,http://localhost:3000/da/blog/kategori/vores-m-lle/smagning-af-olivenolie-paa-5-minutter/,/da/blog/kategori/vores-m-lle/smagning-af-olivenolie-paa-5-minutter/,200,0,none,true,true,false,http://localhost:3000/da/blog/kategori/vores-m-lle/smagning-af-olivenolie-paa-5-minutter/,LOCAL_INDEXABLE_200,1,false
local,New Local Project,local-project-sitemap,http://localhost:3000/no/blog/kategori/var-m-lle/smaking-av-olivenolje-paa-5-minutter/,/no/blog/kategori/var-m-lle/smaking-av-olivenolje-paa-5-minutter/,200,,http://localhost:3000/no/blog/kategori/var-m-lle/smaking-av-olivenolje-paa-5-minutter/,/no/blog/kategori/var-m-lle/smaking-av-olivenolje-paa-5-minutter/,200,0,none,true,true,false,http://localhost:3000/no/blog/kategori/var-m-lle/smaking-av-olivenolje-paa-5-minutter/,LOCAL_INDEXABLE_200,1,false
local,New Local Project,local-project-sitemap,http://localhost:3000/blog/categoria/informazioni-sull-olio-evo/glossario-olio-evo/,/blog/categoria/informazioni-sull-olio-evo/glossario-olio-evo/,200,,http://localhost:3000/blog/categoria/informazioni-sull-olio-evo/glossario-olio-evo/,/blog/categoria/informazioni-sull-olio-evo/glossario-olio-evo/,200,0,none,true,true,false,http://localhost:3000/blog/categoria/informazioni-sull-olio-evo/glossario-olio-evo/,LOCAL_INDEXABLE_200,1,false
local,New Local Project,local-project-sitemap,http://localhost:3000/blog/categoria/chimica-dell-olio-di-oliva/profilo-acidi-grassi-olio/,/blog/categoria/chimica-dell-olio-di-oliva/profilo-acidi-grassi-olio/,200,,http://localhost:3000/blog/categoria/chimica-dell-olio-di-oliva/profilo-acidi-grassi-olio/,/blog/categoria/chimica-dell-olio-di-oliva/profilo-acidi-grassi-olio/,200,0,none,true,true,false,http://localhost:3000/blog/categoria/chimica-dell-olio-di-oliva/profilo-acidi-grassi-olio/,LOCAL_INDEXABLE_200,1,false
local,New Local Project,local-project-sitemap,http://localhost:3000/en/blog/category/olive-oil-chemistry/fatty-acid-profile-olive-oil-oleic-linoleic-palmitic/,/en/blog/category/olive-oil-chemistry/fatty-acid-profile-olive-oil-oleic-linoleic-palmitic/,200,,http://localhost:3000/en/blog/category/olive-oil-chemistry/fatty-acid-profile-olive-oil-oleic-linoleic-palmitic/,/en/blog/category/olive-oil-chemistry/fatty-acid-profile-olive-oil-oleic-linoleic-palmitic/,200,0,none,true,true,false,http://localhost:3000/en/blog/category/olive-oil-chemistry/fatty-acid-profile-olive-oil-oleic-linoleic-palmitic/,LOCAL_INDEXABLE_200,1,false
local,New Local Project,local-project-sitemap,http://localhost:3000/de/blog/kategorie/olivenolchemie/fettsaeureprofil-olivenoel-oelsaeure-linolsaeure-palmitinsaeure/,/de/blog/kategorie/olivenolchemie/fettsaeureprofil-olivenoel-oelsaeure-linolsaeure-palmitinsaeure/,200,,http://localhost:3000/de/blog/kategorie/olivenolchemie/fettsaeureprofil-olivenoel-oelsaeure-linolsaeure-palmitinsaeure/,/de/blog/kategorie/olivenolchemie/fettsaeureprofil-olivenoel-oelsaeure-linolsaeure-palmitinsaeure/,200,0,none,true,true,false,http://localhost:3000/de/blog/kategorie/olivenolchemie/fettsaeureprofil-olivenoel-oelsaeure-linolsaeure-palmitinsaeure/,LOCAL_INDEXABLE_200,1,false
local,New Local Project,local-project-sitemap,http://localhost:3000/nl/blog/categorie/olijfoliechemie/vetzuurprofiel-olijfolie-oliezuur-linolzuur-palmitinezuur/,/nl/blog/categorie/olijfoliechemie/vetzuurprofiel-olijfolie-oliezuur-linolzuur-palmitinezuur/,200,,http://localhost:3000/nl/blog/categorie/olijfoliechemie/vetzuurprofiel-olijfolie-oliezuur-linolzuur-palmitinezuur/,/nl/blog/categorie/olijfoliechemie/vetzuurprofiel-olijfolie-oliezuur-linolzuur-palmitinezuur/,200,0,none,true,true,false,http://localhost:3000/nl/blog/categorie/olijfoliechemie/vetzuurprofiel-olijfolie-oliezuur-linolzuur-palmitinezuur/,LOCAL_INDEXABLE_200,1,false
local,New Local Project,local-project-sitemap,http://localhost:3000/da/blog/kategori/olivenoliekemi/fedtsyreprofil-olivenolie-oliesyre-linolsyre-palmitinsyre/,/da/blog/kategori/olivenoliekemi/fedtsyreprofil-olivenolie-oliesyre-linolsyre-palmitinsyre/,200,,http://localhost:3000/da/blog/kategori/olivenoliekemi/fedtsyreprofil-olivenolie-oliesyre-linolsyre-palmitinsyre/,/da/blog/kategori/olivenoliekemi/fedtsyreprofil-olivenolie-oliesyre-linolsyre-palmitinsyre/,200,0,none,true,true,false,http://localhost:3000/da/blog/kategori/olivenoliekemi/fedtsyreprofil-olivenolie-oliesyre-linolsyre-palmitinsyre/,LOCAL_INDEXABLE_200,1,false
local,New Local Project,local-project-sitemap,http://localhost:3000/no/blog/kategori/olivenoljekjemi/fettsyreprofil-olivenolje-oljesyre-linolsyre-palmitinsyre/,/no/blog/kategori/olivenoljekjemi/fettsyreprofil-olivenolje-oljesyre-linolsyre-palmitinsyre/,200,,http://localhost:3000/no/blog/kategori/olivenoljekjemi/fettsyreprofil-olivenolje-oljesyre-linolsyre-palmitinsyre/,/no/blog/kategori/olivenoljekjemi/fettsyreprofil-olivenolje-oljesyre-linolsyre-palmitinsyre/,200,0,none,true,true,false,http://localhost:3000/no/blog/kategori/olivenoljekjemi/fettsyreprofil-olivenolje-oljesyre-linolsyre-palmitinsyre/,LOCAL_INDEXABLE_200,1,false
local,New Local Project,local-project-sitemap,http://localhost:3000/blog/categoria/chimica-dell-olio-di-oliva/numero-perossidi-che-misura/,/blog/categoria/chimica-dell-olio-di-oliva/numero-perossidi-che-misura/,200,,http://localhost:3000/blog/categoria/chimica-dell-olio-di-oliva/numero-perossidi-che-misura/,/blog/categoria/chimica-dell-olio-di-oliva/numero-perossidi-che-misura/,200,0,none,true,true,false,http://localhost:3000/blog/categoria/chimica-dell-olio-di-oliva/numero-perossidi-che-misura/,LOCAL_INDEXABLE_200,1,false
local,New Local Project,local-project-sitemap,http://localhost:3000/en/blog/category/olive-oil-chemistry/peroxide-value-in-olive-oil-quality/,/en/blog/category/olive-oil-chemistry/peroxide-value-in-olive-oil-quality/,200,,http://localhost:3000/en/blog/category/olive-oil-chemistry/peroxide-value-in-olive-oil-quality/,/en/blog/category/olive-oil-chemistry/peroxide-value-in-olive-oil-quality/,200,0,none,true,true,false,http://localhost:3000/en/blog/category/olive-oil-chemistry/peroxide-value-in-olive-oil-quality/,LOCAL_INDEXABLE_200,1,false
local,New Local Project,local-project-sitemap,http://localhost:3000/de/blog/kategorie/olivenolchemie/peroxidzahl-olivenoel-bedeutung-qualitaet/,/de/blog/kategorie/olivenolchemie/peroxidzahl-olivenoel-bedeutung-qualitaet/,200,,http://localhost:3000/de/blog/kategorie/olivenolchemie/peroxidzahl-olivenoel-bedeutung-qualitaet/,/de/blog/kategorie/olivenolchemie/peroxidzahl-olivenoel-bedeutung-qualitaet/,200,0,none,true,true,false,http://localhost:3000/de/blog/kategorie/olivenolchemie/peroxidzahl-olivenoel-bedeutung-qualitaet/,LOCAL_INDEXABLE_200,1,false
local,New Local Project,local-project-sitemap,http://localhost:3000/nl/blog/categorie/olijfoliechemie/peroxidegetal-olijfolie-kwaliteit-betekenis/,/nl/blog/categorie/olijfoliechemie/peroxidegetal-olijfolie-kwaliteit-betekenis/,200,,http://localhost:3000/nl/blog/categorie/olijfoliechemie/peroxidegetal-olijfolie-kwaliteit-betekenis/,/nl/blog/categorie/olijfoliechemie/peroxidegetal-olijfolie-kwaliteit-betekenis/,200,0,none,true,true,false,http://localhost:3000/nl/blog/categorie/olijfoliechemie/peroxidegetal-olijfolie-kwaliteit-betekenis/,LOCAL_INDEXABLE_200,1,false
local,New Local Project,local-project-sitemap,http://localhost:3000/da/blog/kategori/olivenoliekemi/peroxidtal-olivenolie-hvad-betyder-det/,/da/blog/kategori/olivenoliekemi/peroxidtal-olivenolie-hvad-betyder-det/,200,,http://localhost:3000/da/blog/kategori/olivenoliekemi/peroxidtal-olivenolie-hvad-betyder-det/,/da/blog/kategori/olivenoliekemi/peroxidtal-olivenolie-hvad-betyder-det/,200,0,none,true,true,false,http://localhost:3000/da/blog/kategori/olivenoliekemi/peroxidtal-olivenolie-hvad-betyder-det/,LOCAL_INDEXABLE_200,1,false
local,New Local Project,local-project-sitemap,http://localhost:3000/no/blog/kategori/olivenoljekjemi/peroksidtall-olivenolje-hva-betyr-det/,/no/blog/kategori/olivenoljekjemi/peroksidtall-olivenolje-hva-betyr-det/,200,,http://localhost:3000/no/blog/kategori/olivenoljekjemi/peroksidtall-olivenolje-hva-betyr-det/,/no/blog/kategori/olivenoljekjemi/peroksidtall-olivenolje-hva-betyr-det/,200,0,none,true,true,false,http://localhost:3000/no/blog/kategori/olivenoljekjemi/peroksidtall-olivenolje-hva-betyr-det/,LOCAL_INDEXABLE_200,1,false
local,New Local Project,local-project-sitemap,http://localhost:3000/blog/categoria/chimica-dell-olio-di-oliva/k232-k270-cosa-misurano/,/blog/categoria/chimica-dell-olio-di-oliva/k232-k270-cosa-misurano/,200,,http://localhost:3000/blog/categoria/chimica-dell-olio-di-oliva/k232-k270-cosa-misurano/,/blog/categoria/chimica-dell-olio-di-oliva/k232-k270-cosa-misurano/,200,0,none,true,true,false,http://localhost:3000/blog/categoria/chimica-dell-olio-di-oliva/k232-k270-cosa-misurano/,LOCAL_INDEXABLE_200,1,false
local,New Local Project,local-project-sitemap,http://localhost:3000/en/blog/category/olive-oil-chemistry/k232-k270-uv-extinction-coefficients-olive-oil/,/en/blog/category/olive-oil-chemistry/k232-k270-uv-extinction-coefficients-olive-oil/,200,,http://localhost:3000/en/blog/category/olive-oil-chemistry/k232-k270-uv-extinction-coefficients-olive-oil/,/en/blog/category/olive-oil-chemistry/k232-k270-uv-extinction-coefficients-olive-oil/,200,0,none,true,true,false,http://localhost:3000/en/blog/category/olive-oil-chemistry/k232-k270-uv-extinction-coefficients-olive-oil/,LOCAL_INDEXABLE_200,1,false
local,New Local Project,local-project-sitemap,http://localhost:3000/de/blog/kategorie/olivenolchemie/k232-k270-uv-extinktionskoeffizienten-olivenoel/,/de/blog/kategorie/olivenolchemie/k232-k270-uv-extinktionskoeffizienten-olivenoel/,200,,http://localhost:3000/de/blog/kategorie/olivenolchemie/k232-k270-uv-extinktionskoeffizienten-olivenoel/,/de/blog/kategorie/olivenolchemie/k232-k270-uv-extinktionskoeffizienten-olivenoel/,200,0,none,true,true,false,http://localhost:3000/de/blog/kategorie/olivenolchemie/k232-k270-uv-extinktionskoeffizienten-olivenoel/,LOCAL_INDEXABLE_200,1,false
local,New Local Project,local-project-sitemap,http://localhost:3000/nl/blog/categorie/olijfoliechemie/k232-en-k270-uv-extinctiecoefficienten-olijfolie/,/nl/blog/categorie/olijfoliechemie/k232-en-k270-uv-extinctiecoefficienten-olijfolie/,200,,http://localhost:3000/nl/blog/categorie/olijfoliechemie/k232-en-k270-uv-extinctiecoefficienten-olijfolie/,/nl/blog/categorie/olijfoliechemie/k232-en-k270-uv-extinctiecoefficienten-olijfolie/,200,0,none,true,true,false,http://localhost:3000/nl/blog/categorie/olijfoliechemie/k232-en-k270-uv-extinctiecoefficienten-olijfolie/,LOCAL_INDEXABLE_200,1,false
local,New Local Project,local-project-sitemap,http://localhost:3000/da/blog/kategori/olivenoliekemi/k232-og-k270-uv-absorptionskoefficienter-olivenolie/,/da/blog/kategori/olivenoliekemi/k232-og-k270-uv-absorptionskoefficienter-olivenolie/,200,,http://localhost:3000/da/blog/kategori/olivenoliekemi/k232-og-k270-uv-absorptionskoefficienter-olivenolie/,/da/blog/kategori/olivenoliekemi/k232-og-k270-uv-absorptionskoefficienter-olivenolie/,200,0,none,true,true,false,http://localhost:3000/da/blog/kategori/olivenoliekemi/k232-og-k270-uv-absorptionskoefficienter-olivenolie/,LOCAL_INDEXABLE_200,1,false
local,New Local Project,local-project-sitemap,http://localhost:3000/no/blog/kategori/olivenoljekjemi/k232-og-k270-uv-absorpsjonskoeffisienter-olivenolje/,/no/blog/kategori/olivenoljekjemi/k232-og-k270-uv-absorpsjonskoeffisienter-olivenolje/,200,,http://localhost:3000/no/blog/kategori/olivenoljekjemi/k232-og-k270-uv-absorpsjonskoeffisienter-olivenolje/,/no/blog/kategori/olivenoljekjemi/k232-og-k270-uv-absorpsjonskoeffisienter-olivenolje/,200,0,none,true,true,false,http://localhost:3000/no/blog/kategori/olivenoljekjemi/k232-og-k270-uv-absorpsjonskoeffisienter-olivenolje/,LOCAL_INDEXABLE_200,1,false
local,New Local Project,local-project-sitemap,http://localhost:3000/blog/categoria/chimica-dell-olio-di-oliva/gramolazione-chimica-aroma/,/blog/categoria/chimica-dell-olio-di-oliva/gramolazione-chimica-aroma/,200,,http://localhost:3000/blog/categoria/chimica-dell-olio-di-oliva/gramolazione-chimica-aroma/,/blog/categoria/chimica-dell-olio-di-oliva/gramolazione-chimica-aroma/,200,0,none,true,true,false,http://localhost:3000/blog/categoria/chimica-dell-olio-di-oliva/gramolazione-chimica-aroma/,LOCAL_INDEXABLE_200,1,false
local,New Local Project,local-project-sitemap,http://localhost:3000/en/blog/category/olive-oil-chemistry/malaxation-chemistry-extra-virgin-olive-oil-aroma/,/en/blog/category/olive-oil-chemistry/malaxation-chemistry-extra-virgin-olive-oil-aroma/,200,,http://localhost:3000/en/blog/category/olive-oil-chemistry/malaxation-chemistry-extra-virgin-olive-oil-aroma/,/en/blog/category/olive-oil-chemistry/malaxation-chemistry-extra-virgin-olive-oil-aroma/,200,0,none,true,true,false,http://localhost:3000/en/blog/category/olive-oil-chemistry/malaxation-chemistry-extra-virgin-olive-oil-aroma/,LOCAL_INDEXABLE_200,1,false
local,New Local Project,local-project-sitemap,http://localhost:3000/de/blog/kategorie/olivenolchemie/kneten-der-olivenpaste-chemie-aroma/,/de/blog/kategorie/olivenolchemie/kneten-der-olivenpaste-chemie-aroma/,200,,http://localhost:3000/de/blog/kategorie/olivenolchemie/kneten-der-olivenpaste-chemie-aroma/,/de/blog/kategorie/olivenolchemie/kneten-der-olivenpaste-chemie-aroma/,200,0,none,true,true,false,http://localhost:3000/de/blog/kategorie/olivenolchemie/kneten-der-olivenpaste-chemie-aroma/,LOCAL_INDEXABLE_200,1,false
local,New Local Project,local-project-sitemap,http://localhost:3000/nl/blog/categorie/olijfoliechemie/mengen-van-olijfpasta-gramolatie-chemie-aroma/,/nl/blog/categorie/olijfoliechemie/mengen-van-olijfpasta-gramolatie-chemie-aroma/,200,,http://localhost:3000/nl/blog/categorie/olijfoliechemie/mengen-van-olijfpasta-gramolatie-chemie-aroma/,/nl/blog/categorie/olijfoliechemie/mengen-van-olijfpasta-gramolatie-chemie-aroma/,200,0,none,true,true,false,http://localhost:3000/nl/blog/categorie/olijfoliechemie/mengen-van-olijfpasta-gramolatie-chemie-aroma/,LOCAL_INDEXABLE_200,1,false
local,New Local Project,local-project-sitemap,http://localhost:3000/da/blog/kategori/olivenoliekemi/ltning-af-olivenpasta-kemi-og-aroma/,/da/blog/kategori/olivenoliekemi/ltning-af-olivenpasta-kemi-og-aroma/,200,,http://localhost:3000/da/blog/kategori/olivenoliekemi/ltning-af-olivenpasta-kemi-og-aroma/,/da/blog/kategori/olivenoliekemi/ltning-af-olivenpasta-kemi-og-aroma/,200,0,none,true,true,false,http://localhost:3000/da/blog/kategori/olivenoliekemi/ltning-af-olivenpasta-kemi-og-aroma/,LOCAL_INDEXABLE_200,1,false
local,New Local Project,local-project-sitemap,http://localhost:3000/no/blog/kategori/olivenoljekjemi/eltning-av-olivenpasta-kjemie-og-aroma/,/no/blog/kategori/olivenoljekjemi/eltning-av-olivenpasta-kjemie-og-aroma/,200,,http://localhost:3000/no/blog/kategori/olivenoljekjemi/eltning-av-olivenpasta-kjemie-og-aroma/,/no/blog/kategori/olivenoljekjemi/eltning-av-olivenpasta-kjemie-og-aroma/,200,0,none,true,true,false,http://localhost:3000/no/blog/kategori/olivenoljekjemi/eltning-av-olivenpasta-kjemie-og-aroma/,LOCAL_INDEXABLE_200,1,false
local,New Local Project,local-project-sitemap,http://localhost:3000/blog/categoria/chimica-dell-olio-di-oliva/filtrazione-olio-effetti-stabilita/,/blog/categoria/chimica-dell-olio-di-oliva/filtrazione-olio-effetti-stabilita/,200,,http://localhost:3000/blog/categoria/chimica-dell-olio-di-oliva/filtrazione-olio-effetti-stabilita/,/blog/categoria/chimica-dell-olio-di-oliva/filtrazione-olio-effetti-stabilita/,200,0,none,true,true,false,http://localhost:3000/blog/categoria/chimica-dell-olio-di-oliva/filtrazione-olio-effetti-stabilita/,LOCAL_INDEXABLE_200,1,false
local,New Local Project,local-project-sitemap,http://localhost:3000/en/blog/category/olive-oil-chemistry/extra-virgin-olive-oil-filtration-stability-effects/,/en/blog/category/olive-oil-chemistry/extra-virgin-olive-oil-filtration-stability-effects/,200,,http://localhost:3000/en/blog/category/olive-oil-chemistry/extra-virgin-olive-oil-filtration-stability-effects/,/en/blog/category/olive-oil-chemistry/extra-virgin-olive-oil-filtration-stability-effects/,200,0,none,true,true,false,http://localhost:3000/en/blog/category/olive-oil-chemistry/extra-virgin-olive-oil-filtration-stability-effects/,LOCAL_INDEXABLE_200,1,false
local,New Local Project,local-project-sitemap,http://localhost:3000/de/blog/kategorie/olivenolchemie/filtrierung-von-olivenoel-effekte-stabilitaet/,/de/blog/kategorie/olivenolchemie/filtrierung-von-olivenoel-effekte-stabilitaet/,200,,http://localhost:3000/de/blog/kategorie/olivenolchemie/filtrierung-von-olivenoel-effekte-stabilitaet/,/de/blog/kategorie/olivenolchemie/filtrierung-von-olivenoel-effekte-stabilitaet/,200,0,none,true,true,false,http://localhost:3000/de/blog/kategorie/olivenolchemie/filtrierung-von-olivenoel-effekte-stabilitaet/,LOCAL_INDEXABLE_200,1,false
local,New Local Project,local-project-sitemap,http://localhost:3000/nl/blog/categorie/olijfoliechemie/filtratie-van-olijfolie-stabiliteit-effecten/,/nl/blog/categorie/olijfoliechemie/filtratie-van-olijfolie-stabiliteit-effecten/,200,,http://localhost:3000/nl/blog/categorie/olijfoliechemie/filtratie-van-olijfolie-stabiliteit-effecten/,/nl/blog/categorie/olijfoliechemie/filtratie-van-olijfolie-stabiliteit-effecten/,200,0,none,true,true,false,http://localhost:3000/nl/blog/categorie/olijfoliechemie/filtratie-van-olijfolie-stabiliteit-effecten/,LOCAL_INDEXABLE_200,1,false
local,New Local Project,local-project-sitemap,http://localhost:3000/da/blog/kategori/olivenoliekemi/filtrering-af-olivenolie-effekt-paa-holdbarhed/,/da/blog/kategori/olivenoliekemi/filtrering-af-olivenolie-effekt-paa-holdbarhed/,200,,http://localhost:3000/da/blog/kategori/olivenoliekemi/filtrering-af-olivenolie-effekt-paa-holdbarhed/,/da/blog/kategori/olivenoliekemi/filtrering-af-olivenolie-effekt-paa-holdbarhed/,200,0,none,true,true,false,http://localhost:3000/da/blog/kategori/olivenoliekemi/filtrering-af-olivenolie-effekt-paa-holdbarhed/,LOCAL_INDEXABLE_200,1,false
local,New Local Project,local-project-sitemap,http://localhost:3000/no/blog/kategori/olivenoljekjemi/filtrering-av-olivenolje-betydning-for-holdbarhet/,/no/blog/kategori/olivenoljekjemi/filtrering-av-olivenolje-betydning-for-holdbarhet/,200,,http://localhost:3000/no/blog/kategori/olivenoljekjemi/filtrering-av-olivenolje-betydning-for-holdbarhet/,/no/blog/kategori/olivenoljekjemi/filtrering-av-olivenolje-betydning-for-holdbarhet/,200,0,none,true,true,false,http://localhost:3000/no/blog/kategori/olivenoljekjemi/filtrering-av-olivenolje-betydning-for-holdbarhet/,LOCAL_INDEXABLE_200,1,false
local,New Local Project,local-project-sitemap,http://localhost:3000/blog/categoria/difetti-dell-olio-evo/difetto-avvinato-inacetito-olio/,/blog/categoria/difetti-dell-olio-evo/difetto-avvinato-inacetito-olio/,200,,http://localhost:3000/blog/categoria/difetti-dell-olio-evo/difetto-avvinato-inacetito-olio/,/blog/categoria/difetti-dell-olio-evo/difetto-avvinato-inacetito-olio/,200,0,none,true,true,false,http://localhost:3000/blog/categoria/difetti-dell-olio-evo/difetto-avvinato-inacetito-olio/,LOCAL_INDEXABLE_200,1,false
local,New Local Project,local-project-sitemap,http://localhost:3000/en/blog/category/olive-oil-defects/winey-vinegary-defect-in-olive-oil-causes-detection/,/en/blog/category/olive-oil-defects/winey-vinegary-defect-in-olive-oil-causes-detection/,200,,http://localhost:3000/en/blog/category/olive-oil-defects/winey-vinegary-defect-in-olive-oil-causes-detection/,/en/blog/category/olive-oil-defects/winey-vinegary-defect-in-olive-oil-causes-detection/,200,0,none,true,true,false,http://localhost:3000/en/blog/category/olive-oil-defects/winey-vinegary-defect-in-olive-oil-causes-detection/,LOCAL_INDEXABLE_200,1,false
local,New Local Project,local-project-sitemap,http://localhost:3000/de/blog/kategorie/olivenolfehler/stichig-essigartiger-fehler-olivenoel-ursachen/,/de/blog/kategorie/olivenolfehler/stichig-essigartiger-fehler-olivenoel-ursachen/,200,,http://localhost:3000/de/blog/kategorie/olivenolfehler/stichig-essigartiger-fehler-olivenoel-ursachen/,/de/blog/kategorie/olivenolfehler/stichig-essigartiger-fehler-olivenoel-ursachen/,200,0,none,true,true,false,http://localhost:3000/de/blog/kategorie/olivenolfehler/stichig-essigartiger-fehler-olivenoel-ursachen/,LOCAL_INDEXABLE_200,1,false
local,New Local Project,local-project-sitemap,http://localhost:3000/nl/blog/categorie/olijfolie-defecten/wijnachtig-azijnachtig-defect-olijfolie-oorzaken/,/nl/blog/categorie/olijfolie-defecten/wijnachtig-azijnachtig-defect-olijfolie-oorzaken/,200,,http://localhost:3000/nl/blog/categorie/olijfolie-defecten/wijnachtig-azijnachtig-defect-olijfolie-oorzaken/,/nl/blog/categorie/olijfolie-defecten/wijnachtig-azijnachtig-defect-olijfolie-oorzaken/,200,0,none,true,true,false,http://localhost:3000/nl/blog/categorie/olijfolie-defecten/wijnachtig-azijnachtig-defect-olijfolie-oorzaken/,LOCAL_INDEXABLE_200,1,false
local,New Local Project,local-project-sitemap,http://localhost:3000/da/blog/kategori/olivenoliefejl/vinedikkesmag-fejl-i-olivenolie-aarsager-og-forebyggelse/,/da/blog/kategori/olivenoliefejl/vinedikkesmag-fejl-i-olivenolie-aarsager-og-forebyggelse/,200,,http://localhost:3000/da/blog/kategori/olivenoliefejl/vinedikkesmag-fejl-i-olivenolie-aarsager-og-forebyggelse/,/da/blog/kategori/olivenoliefejl/vinedikkesmag-fejl-i-olivenolie-aarsager-og-forebyggelse/,200,0,none,true,true,false,http://localhost:3000/da/blog/kategori/olivenoliefejl/vinedikkesmag-fejl-i-olivenolie-aarsager-og-forebyggelse/,LOCAL_INDEXABLE_200,1,false
local,New Local Project,local-project-sitemap,http://localhost:3000/no/blog/kategori/olivenoljefeil/vinedikksmak-feil-i-olivenolje-aarsaker-og-forebygging/,/no/blog/kategori/olivenoljefeil/vinedikksmak-feil-i-olivenolje-aarsaker-og-forebygging/,200,,http://localhost:3000/no/blog/kategori/olivenoljefeil/vinedikksmak-feil-i-olivenolje-aarsaker-og-forebygging/,/no/blog/kategori/olivenoljefeil/vinedikksmak-feil-i-olivenolje-aarsaker-og-forebygging/,200,0,none,true,true,false,http://localhost:3000/no/blog/kategori/olivenoljefeil/vinedikksmak-feil-i-olivenolje-aarsaker-og-forebygging/,LOCAL_INDEXABLE_200,1,false
local,New Local Project,local-project-sitemap,http://localhost:3000/blog/categoria/difetti-dell-olio-evo/difetto-muffa-morchia-olio/,/blog/categoria/difetti-dell-olio-evo/difetto-muffa-morchia-olio/,200,,http://localhost:3000/blog/categoria/difetti-dell-olio-evo/difetto-muffa-morchia-olio/,/blog/categoria/difetti-dell-olio-evo/difetto-muffa-morchia-olio/,200,0,none,true,true,false,http://localhost:3000/blog/categoria/difetti-dell-olio-evo/difetto-muffa-morchia-olio/,LOCAL_INDEXABLE_200,1,false
local,New Local Project,local-project-sitemap,http://localhost:3000/en/blog/category/olive-oil-defects/musty-muddy-sediment-defects-olive-oil/,/en/blog/category/olive-oil-defects/musty-muddy-sediment-defects-olive-oil/,200,,http://localhost:3000/en/blog/category/olive-oil-defects/musty-muddy-sediment-defects-olive-oil/,/en/blog/category/olive-oil-defects/musty-muddy-sediment-defects-olive-oil/,200,0,none,true,true,false,http://localhost:3000/en/blog/category/olive-oil-defects/musty-muddy-sediment-defects-olive-oil/,LOCAL_INDEXABLE_200,1,false
local,New Local Project,local-project-sitemap,http://localhost:3000/de/blog/kategorie/olivenolfehler/schimmel-und-schlammiger-bodensatz-olivenoelfehler/,/de/blog/kategorie/olivenolfehler/schimmel-und-schlammiger-bodensatz-olivenoelfehler/,200,,http://localhost:3000/de/blog/kategorie/olivenolfehler/schimmel-und-schlammiger-bodensatz-olivenoelfehler/,/de/blog/kategorie/olivenolfehler/schimmel-und-schlammiger-bodensatz-olivenoelfehler/,200,0,none,true,true,false,http://localhost:3000/de/blog/kategorie/olivenolfehler/schimmel-und-schlammiger-bodensatz-olivenoelfehler/,LOCAL_INDEXABLE_200,1,false
local,New Local Project,local-project-sitemap,http://localhost:3000/nl/blog/categorie/olijfolie-defecten/schimmel-en-bezinksel-defecten-olijfolie/,/nl/blog/categorie/olijfolie-defecten/schimmel-en-bezinksel-defecten-olijfolie/,200,,http://localhost:3000/nl/blog/categorie/olijfolie-defecten/schimmel-en-bezinksel-defecten-olijfolie/,/nl/blog/categorie/olijfolie-defecten/schimmel-en-bezinksel-defecten-olijfolie/,200,0,none,true,true,false,http://localhost:3000/nl/blog/categorie/olijfolie-defecten/schimmel-en-bezinksel-defecten-olijfolie/,LOCAL_INDEXABLE_200,1,false
local,New Local Project,local-project-sitemap,http://localhost:3000/da/blog/kategori/olivenoliefejl/mug-og-bundfald-defekter-i-olivenolie-aarsager-og-forebyggelse/,/da/blog/kategori/olivenoliefejl/mug-og-bundfald-defekter-i-olivenolie-aarsager-og-forebyggelse/,200,,http://localhost:3000/da/blog/kategori/olivenoliefejl/mug-og-bundfald-defekter-i-olivenolie-aarsager-og-forebyggelse/,/da/blog/kategori/olivenoliefejl/mug-og-bundfald-defekter-i-olivenolie-aarsager-og-forebyggelse/,200,0,none,true,true,false,http://localhost:3000/da/blog/kategori/olivenoliefejl/mug-og-bundfald-defekter-i-olivenolie-aarsager-og-forebyggelse/,LOCAL_INDEXABLE_200,1,false
local,New Local Project,local-project-sitemap,http://localhost:3000/no/blog/kategori/olivenoljefeil/mugg-og-bunndfall-defekter-i-olivenolje-aarsaker-og-forebygging/,/no/blog/kategori/olivenoljefeil/mugg-og-bunndfall-defekter-i-olivenolje-aarsaker-og-forebygging/,200,,http://localhost:3000/no/blog/kategori/olivenoljefeil/mugg-og-bunndfall-defekter-i-olivenolje-aarsaker-og-forebygging/,/no/blog/kategori/olivenoljefeil/mugg-og-bunndfall-defekter-i-olivenolje-aarsaker-og-forebygging/,200,0,none,true,true,false,http://localhost:3000/no/blog/kategori/olivenoljefeil/mugg-og-bunndfall-defekter-i-olivenolje-aarsaker-og-forebygging/,LOCAL_INDEXABLE_200,1,false
local,New Local Project,local-project-sitemap,http://localhost:3000/blog/categoria/ricette-e-abbinamenti/olio-per-pesce-crudo-carpaccio/,/blog/categoria/ricette-e-abbinamenti/olio-per-pesce-crudo-carpaccio/,200,,http://localhost:3000/blog/categoria/ricette-e-abbinamenti/olio-per-pesce-crudo-carpaccio/,/blog/categoria/ricette-e-abbinamenti/olio-per-pesce-crudo-carpaccio/,200,0,none,true,true,false,http://localhost:3000/blog/categoria/ricette-e-abbinamenti/olio-per-pesce-crudo-carpaccio/,LOCAL_INDEXABLE_200,1,false
local,New Local Project,local-project-sitemap,http://localhost:3000/en/blog/category/recipes-pairings/olive-oil-for-raw-fish-carpaccio/,/en/blog/category/recipes-pairings/olive-oil-for-raw-fish-carpaccio/,200,,http://localhost:3000/en/blog/category/recipes-pairings/olive-oil-for-raw-fish-carpaccio/,/en/blog/category/recipes-pairings/olive-oil-for-raw-fish-carpaccio/,200,0,none,true,true,false,http://localhost:3000/en/blog/category/recipes-pairings/olive-oil-for-raw-fish-carpaccio/,LOCAL_INDEXABLE_200,1,false
local,New Local Project,local-project-sitemap,http://localhost:3000/de/blog/kategorie/rezepte-kombinationen/olivenoel-fuer-rohen-fisch-und-carpaccio/,/de/blog/kategorie/rezepte-kombinationen/olivenoel-fuer-rohen-fisch-und-carpaccio/,200,,http://localhost:3000/de/blog/kategorie/rezepte-kombinationen/olivenoel-fuer-rohen-fisch-und-carpaccio/,/de/blog/kategorie/rezepte-kombinationen/olivenoel-fuer-rohen-fisch-und-carpaccio/,200,0,none,true,true,false,http://localhost:3000/de/blog/kategorie/rezepte-kombinationen/olivenoel-fuer-rohen-fisch-und-carpaccio/,LOCAL_INDEXABLE_200,1,false
local,New Local Project,local-project-sitemap,http://localhost:3000/nl/blog/categorie/recepten-combinaties/olijfolie-voor-rauwe-vis-en-carpaccio/,/nl/blog/categorie/recepten-combinaties/olijfolie-voor-rauwe-vis-en-carpaccio/,200,,http://localhost:3000/nl/blog/categorie/recepten-combinaties/olijfolie-voor-rauwe-vis-en-carpaccio/,/nl/blog/categorie/recepten-combinaties/olijfolie-voor-rauwe-vis-en-carpaccio/,200,0,none,true,true,false,http://localhost:3000/nl/blog/categorie/recepten-combinaties/olijfolie-voor-rauwe-vis-en-carpaccio/,LOCAL_INDEXABLE_200,1,false
local,New Local Project,local-project-sitemap,http://localhost:3000/da/blog/kategori/opskrifter-parringer/olivenolie-til-raa-fisk-og-carpaccio/,/da/blog/kategori/opskrifter-parringer/olivenolie-til-raa-fisk-og-carpaccio/,200,,http://localhost:3000/da/blog/kategori/opskrifter-parringer/olivenolie-til-raa-fisk-og-carpaccio/,/da/blog/kategori/opskrifter-parringer/olivenolie-til-raa-fisk-og-carpaccio/,200,0,none,true,true,false,http://localhost:3000/da/blog/kategori/opskrifter-parringer/olivenolie-til-raa-fisk-og-carpaccio/,LOCAL_INDEXABLE_200,1,false
local,New Local Project,local-project-sitemap,http://localhost:3000/no/blog/kategori/oppskrifter-parringer/olivenolje-til-raa-fisk-og-carpaccio/,/no/blog/kategori/oppskrifter-parringer/olivenolje-til-raa-fisk-og-carpaccio/,200,,http://localhost:3000/no/blog/kategori/oppskrifter-parringer/olivenolje-til-raa-fisk-og-carpaccio/,/no/blog/kategori/oppskrifter-parringer/olivenolje-til-raa-fisk-og-carpaccio/,200,0,none,true,true,false,http://localhost:3000/no/blog/kategori/oppskrifter-parringer/olivenolje-til-raa-fisk-og-carpaccio/,LOCAL_INDEXABLE_200,1,false
local,New Local Project,local-project-sitemap,http://localhost:3000/blog/categoria/ricette-e-abbinamenti/olio-per-carne-grigliata/,/blog/categoria/ricette-e-abbinamenti/olio-per-carne-grigliata/,200,,http://localhost:3000/blog/categoria/ricette-e-abbinamenti/olio-per-carne-grigliata/,/blog/categoria/ricette-e-abbinamenti/olio-per-carne-grigliata/,200,0,none,true,true,false,http://localhost:3000/blog/categoria/ricette-e-abbinamenti/olio-per-carne-grigliata/,LOCAL_INDEXABLE_200,1,false
local,New Local Project,local-project-sitemap,http://localhost:3000/en/blog/category/recipes-pairings/olive-oil-for-grilled-meat-intense-fruity/,/en/blog/category/recipes-pairings/olive-oil-for-grilled-meat-intense-fruity/,200,,http://localhost:3000/en/blog/category/recipes-pairings/olive-oil-for-grilled-meat-intense-fruity/,/en/blog/category/recipes-pairings/olive-oil-for-grilled-meat-intense-fruity/,200,0,none,true,true,false,http://localhost:3000/en/blog/category/recipes-pairings/olive-oil-for-grilled-meat-intense-fruity/,LOCAL_INDEXABLE_200,1,false
local,New Local Project,local-project-sitemap,http://localhost:3000/de/blog/kategorie/rezepte-kombinationen/olivenoel-fuer-gegrilltes-fleisch-intensiv-fruchtig/,/de/blog/kategorie/rezepte-kombinationen/olivenoel-fuer-gegrilltes-fleisch-intensiv-fruchtig/,200,,http://localhost:3000/de/blog/kategorie/rezepte-kombinationen/olivenoel-fuer-gegrilltes-fleisch-intensiv-fruchtig/,/de/blog/kategorie/rezepte-kombinationen/olivenoel-fuer-gegrilltes-fleisch-intensiv-fruchtig/,200,0,none,true,true,false,http://localhost:3000/de/blog/kategorie/rezepte-kombinationen/olivenoel-fuer-gegrilltes-fleisch-intensiv-fruchtig/,LOCAL_INDEXABLE_200,1,false
local,New Local Project,local-project-sitemap,http://localhost:3000/nl/blog/categorie/recepten-combinaties/olijfolie-voor-gegrild-vlees-intensief-fruitig/,/nl/blog/categorie/recepten-combinaties/olijfolie-voor-gegrild-vlees-intensief-fruitig/,200,,http://localhost:3000/nl/blog/categorie/recepten-combinaties/olijfolie-voor-gegrild-vlees-intensief-fruitig/,/nl/blog/categorie/recepten-combinaties/olijfolie-voor-gegrild-vlees-intensief-fruitig/,200,0,none,true,true,false,http://localhost:3000/nl/blog/categorie/recepten-combinaties/olijfolie-voor-gegrild-vlees-intensief-fruitig/,LOCAL_INDEXABLE_200,1,false
local,New Local Project,local-project-sitemap,http://localhost:3000/da/blog/kategori/opskrifter-parringer/olivenolie-til-grillet-koed-intens-frugtighed/,/da/blog/kategori/opskrifter-parringer/olivenolie-til-grillet-koed-intens-frugtighed/,200,,http://localhost:3000/da/blog/kategori/opskrifter-parringer/olivenolie-til-grillet-koed-intens-frugtighed/,/da/blog/kategori/opskrifter-parringer/olivenolie-til-grillet-koed-intens-frugtighed/,200,0,none,true,true,false,http://localhost:3000/da/blog/kategori/opskrifter-parringer/olivenolie-til-grillet-koed-intens-frugtighed/,LOCAL_INDEXABLE_200,1,false
local,New Local Project,local-project-sitemap,http://localhost:3000/no/blog/kategori/oppskrifter-parringer/olivenolje-til-grillet-kjoett-intens-fruktighet/,/no/blog/kategori/oppskrifter-parringer/olivenolje-til-grillet-kjoett-intens-fruktighet/,200,,http://localhost:3000/no/blog/kategori/oppskrifter-parringer/olivenolje-til-grillet-kjoett-intens-fruktighet/,/no/blog/kategori/oppskrifter-parringer/olivenolje-til-grillet-kjoett-intens-fruktighet/,200,0,none,true,true,false,http://localhost:3000/no/blog/kategori/oppskrifter-parringer/olivenolje-til-grillet-kjoett-intens-fruktighet/,LOCAL_INDEXABLE_200,1,false
local,New Local Project,local-project-sitemap,http://localhost:3000/blog/categoria/ricette-e-abbinamenti/olio-per-pizza/,/blog/categoria/ricette-e-abbinamenti/olio-per-pizza/,200,,http://localhost:3000/blog/categoria/ricette-e-abbinamenti/olio-per-pizza/,/blog/categoria/ricette-e-abbinamenti/olio-per-pizza/,200,0,none,true,true,false,http://localhost:3000/blog/categoria/ricette-e-abbinamenti/olio-per-pizza/,LOCAL_INDEXABLE_200,1,false
local,New Local Project,local-project-sitemap,http://localhost:3000/en/blog/category/recipes-pairings/olive-oil-for-pizza-raw-or-after-baking/,/en/blog/category/recipes-pairings/olive-oil-for-pizza-raw-or-after-baking/,200,,http://localhost:3000/en/blog/category/recipes-pairings/olive-oil-for-pizza-raw-or-after-baking/,/en/blog/category/recipes-pairings/olive-oil-for-pizza-raw-or-after-baking/,200,0,none,true,true,false,http://localhost:3000/en/blog/category/recipes-pairings/olive-oil-for-pizza-raw-or-after-baking/,LOCAL_INDEXABLE_200,1,false
local,New Local Project,local-project-sitemap,http://localhost:3000/de/blog/kategorie/rezepte-kombinationen/olivenoel-fuer-pizza-roh-oder-nach-dem-backen/,/de/blog/kategorie/rezepte-kombinationen/olivenoel-fuer-pizza-roh-oder-nach-dem-backen/,200,,http://localhost:3000/de/blog/kategorie/rezepte-kombinationen/olivenoel-fuer-pizza-roh-oder-nach-dem-backen/,/de/blog/kategorie/rezepte-kombinationen/olivenoel-fuer-pizza-roh-oder-nach-dem-backen/,200,0,none,true,true,false,http://localhost:3000/de/blog/kategorie/rezepte-kombinationen/olivenoel-fuer-pizza-roh-oder-nach-dem-backen/,LOCAL_INDEXABLE_200,1,false
local,New Local Project,local-project-sitemap,http://localhost:3000/nl/blog/categorie/recepten-combinaties/olijfolie-voor-pizza-rauw-of-na-het-bakken/,/nl/blog/categorie/recepten-combinaties/olijfolie-voor-pizza-rauw-of-na-het-bakken/,200,,http://localhost:3000/nl/blog/categorie/recepten-combinaties/olijfolie-voor-pizza-rauw-of-na-het-bakken/,/nl/blog/categorie/recepten-combinaties/olijfolie-voor-pizza-rauw-of-na-het-bakken/,200,0,none,true,true,false,http://localhost:3000/nl/blog/categorie/recepten-combinaties/olijfolie-voor-pizza-rauw-of-na-het-bakken/,LOCAL_INDEXABLE_200,1,false
local,New Local Project,local-project-sitemap,http://localhost:3000/da/blog/kategori/opskrifter-parringer/olivenolie-til-pizza-raa-eller-efter-bagning/,/da/blog/kategori/opskrifter-parringer/olivenolie-til-pizza-raa-eller-efter-bagning/,200,,http://localhost:3000/da/blog/kategori/opskrifter-parringer/olivenolie-til-pizza-raa-eller-efter-bagning/,/da/blog/kategori/opskrifter-parringer/olivenolie-til-pizza-raa-eller-efter-bagning/,200,0,none,true,true,false,http://localhost:3000/da/blog/kategori/opskrifter-parringer/olivenolie-til-pizza-raa-eller-efter-bagning/,LOCAL_INDEXABLE_200,1,false
local,New Local Project,local-project-sitemap,http://localhost:3000/no/blog/kategori/oppskrifter-parringer/olivenolje-til-pizza-raa-eller-etter-steking/,/no/blog/kategori/oppskrifter-parringer/olivenolje-til-pizza-raa-eller-etter-steking/,200,,http://localhost:3000/no/blog/kategori/oppskrifter-parringer/olivenolje-til-pizza-raa-eller-etter-steking/,/no/blog/kategori/oppskrifter-parringer/olivenolje-til-pizza-raa-eller-etter-steking/,200,0,none,true,true,false,http://localhost:3000/no/blog/kategori/oppskrifter-parringer/olivenolje-til-pizza-raa-eller-etter-steking/,LOCAL_INDEXABLE_200,1,false
local,New Local Project,local-project-sitemap,http://localhost:3000/blog/categoria/il-nostro-frantoio/tracciabilita-lotto-analisi-qualita/,/blog/categoria/il-nostro-frantoio/tracciabilita-lotto-analisi-qualita/,200,,http://localhost:3000/blog/categoria/il-nostro-frantoio/tracciabilita-lotto-analisi-qualita/,/blog/categoria/il-nostro-frantoio/tracciabilita-lotto-analisi-qualita/,200,0,none,true,true,false,http://localhost:3000/blog/categoria/il-nostro-frantoio/tracciabilita-lotto-analisi-qualita/,LOCAL_INDEXABLE_200,1,false
local,New Local Project,local-project-sitemap,http://localhost:3000/en/blog/category/our-olive-mill/olive-oil-traceability-batch-analysis-provenance/,/en/blog/category/our-olive-mill/olive-oil-traceability-batch-analysis-provenance/,200,,http://localhost:3000/en/blog/category/our-olive-mill/olive-oil-traceability-batch-analysis-provenance/,/en/blog/category/our-olive-mill/olive-oil-traceability-batch-analysis-provenance/,200,0,none,true,true,false,http://localhost:3000/en/blog/category/our-olive-mill/olive-oil-traceability-batch-analysis-provenance/,LOCAL_INDEXABLE_200,1,false
local,New Local Project,local-project-sitemap,http://localhost:3000/de/blog/kategorie/unsere-olmuhle/rueckverfolgbarkeit-charge-laboranalyse-herkunft/,/de/blog/kategorie/unsere-olmuhle/rueckverfolgbarkeit-charge-laboranalyse-herkunft/,200,,http://localhost:3000/de/blog/kategorie/unsere-olmuhle/rueckverfolgbarkeit-charge-laboranalyse-herkunft/,/de/blog/kategorie/unsere-olmuhle/rueckverfolgbarkeit-charge-laboranalyse-herkunft/,200,0,none,true,true,false,http://localhost:3000/de/blog/kategorie/unsere-olmuhle/rueckverfolgbarkeit-charge-laboranalyse-herkunft/,LOCAL_INDEXABLE_200,1,false
local,New Local Project,local-project-sitemap,http://localhost:3000/nl/blog/categorie/onze-olijfmolen/olijfolie-traceerbaarheid-lotnummer-analyse-herkomst/,/nl/blog/categorie/onze-olijfmolen/olijfolie-traceerbaarheid-lotnummer-analyse-herkomst/,200,,http://localhost:3000/nl/blog/categorie/onze-olijfmolen/olijfolie-traceerbaarheid-lotnummer-analyse-herkomst/,/nl/blog/categorie/onze-olijfmolen/olijfolie-traceerbaarheid-lotnummer-analyse-herkomst/,200,0,none,true,true,false,http://localhost:3000/nl/blog/categorie/onze-olijfmolen/olijfolie-traceerbaarheid-lotnummer-analyse-herkomst/,LOCAL_INDEXABLE_200,1,false
local,New Local Project,local-project-sitemap,http://localhost:3000/da/blog/kategori/vores-oliem-lle/olivenolie-sporbarhed-batch-analyse-oprindelse/,/da/blog/kategori/vores-oliem-lle/olivenolie-sporbarhed-batch-analyse-oprindelse/,200,,http://localhost:3000/da/blog/kategori/vores-oliem-lle/olivenolie-sporbarhed-batch-analyse-oprindelse/,/da/blog/kategori/vores-oliem-lle/olivenolie-sporbarhed-batch-analyse-oprindelse/,200,0,none,true,true,false,http://localhost:3000/da/blog/kategori/vores-oliem-lle/olivenolie-sporbarhed-batch-analyse-oprindelse/,LOCAL_INDEXABLE_200,1,false
local,New Local Project,local-project-sitemap,http://localhost:3000/no/blog/kategori/vores-oliem-lle/olivenolje-sporbarhet-batch-analyse-opprinnelse/,/no/blog/kategori/vores-oliem-lle/olivenolje-sporbarhet-batch-analyse-opprinnelse/,200,,http://localhost:3000/no/blog/kategori/vores-oliem-lle/olivenolje-sporbarhet-batch-analyse-opprinnelse/,/no/blog/kategori/vores-oliem-lle/olivenolje-sporbarhet-batch-analyse-opprinnelse/,200,0,none,true,true,false,http://localhost:3000/no/blog/kategori/vores-oliem-lle/olivenolje-sporbarhet-batch-analyse-opprinnelse/,LOCAL_INDEXABLE_200,1,false
local,New Local Project,local-project-sitemap,http://localhost:3000/blog/categoria/il-nostro-frantoio/perche-olio-cambia-ogni-anno/,/blog/categoria/il-nostro-frantoio/perche-olio-cambia-ogni-anno/,200,,http://localhost:3000/blog/categoria/il-nostro-frantoio/perche-olio-cambia-ogni-anno/,/blog/categoria/il-nostro-frantoio/perche-olio-cambia-ogni-anno/,200,0,none,true,true,false,http://localhost:3000/blog/categoria/il-nostro-frantoio/perche-olio-cambia-ogni-anno/,LOCAL_INDEXABLE_200,1,false
local,New Local Project,local-project-sitemap,http://localhost:3000/en/blog/category/our-olive-mill/why-olive-oil-changes-every-year-climate-yield/,/en/blog/category/our-olive-mill/why-olive-oil-changes-every-year-climate-yield/,200,,http://localhost:3000/en/blog/category/our-olive-mill/why-olive-oil-changes-every-year-climate-yield/,/en/blog/category/our-olive-mill/why-olive-oil-changes-every-year-climate-yield/,200,0,none,true,true,false,http://localhost:3000/en/blog/category/our-olive-mill/why-olive-oil-changes-every-year-climate-yield/,LOCAL_INDEXABLE_200,1,false
local,New Local Project,local-project-sitemap,http://localhost:3000/de/blog/kategorie/unsere-olmuhle/warum-olivenoel-jedes-jahr-anders-schmeckt/,/de/blog/kategorie/unsere-olmuhle/warum-olivenoel-jedes-jahr-anders-schmeckt/,200,,http://localhost:3000/de/blog/kategorie/unsere-olmuhle/warum-olivenoel-jedes-jahr-anders-schmeckt/,/de/blog/kategorie/unsere-olmuhle/warum-olivenoel-jedes-jahr-anders-schmeckt/,200,0,none,true,true,false,http://localhost:3000/de/blog/kategorie/unsere-olmuhle/warum-olivenoel-jedes-jahr-anders-schmeckt/,LOCAL_INDEXABLE_200,1,false
local,New Local Project,local-project-sitemap,http://localhost:3000/nl/blog/categorie/onze-olijfmolen/waarom-olijfolie-elk-jaar-verandert-klimaat-oogst/,/nl/blog/categorie/onze-olijfmolen/waarom-olijfolie-elk-jaar-verandert-klimaat-oogst/,200,,http://localhost:3000/nl/blog/categorie/onze-olijfmolen/waarom-olijfolie-elk-jaar-verandert-klimaat-oogst/,/nl/blog/categorie/onze-olijfmolen/waarom-olijfolie-elk-jaar-verandert-klimaat-oogst/,200,0,none,true,true,false,http://localhost:3000/nl/blog/categorie/onze-olijfmolen/waarom-olijfolie-elk-jaar-verandert-klimaat-oogst/,LOCAL_INDEXABLE_200,1,false
local,New Local Project,local-project-sitemap,http://localhost:3000/da/blog/kategori/vores-oliem-lle/hvorfor-olivenolie-aendrer-sig-hvert-aar-klima-hoest/,/da/blog/kategori/vores-oliem-lle/hvorfor-olivenolie-aendrer-sig-hvert-aar-klima-hoest/,200,,http://localhost:3000/da/blog/kategori/vores-oliem-lle/hvorfor-olivenolie-aendrer-sig-hvert-aar-klima-hoest/,/da/blog/kategori/vores-oliem-lle/hvorfor-olivenolie-aendrer-sig-hvert-aar-klima-hoest/,200,0,none,true,true,false,http://localhost:3000/da/blog/kategori/vores-oliem-lle/hvorfor-olivenolie-aendrer-sig-hvert-aar-klima-hoest/,LOCAL_INDEXABLE_200,1,false
local,New Local Project,local-project-sitemap,http://localhost:3000/no/blog/kategori/vores-oliem-lle/hvorfor-olivenolje-endrer-seg-hvert-aar-klima-hoest/,/no/blog/kategori/vores-oliem-lle/hvorfor-olivenolje-endrer-seg-hvert-aar-klima-hoest/,200,,http://localhost:3000/no/blog/kategori/vores-oliem-lle/hvorfor-olivenolje-endrer-seg-hvert-aar-klima-hoest/,/no/blog/kategori/vores-oliem-lle/hvorfor-olivenolje-endrer-seg-hvert-aar-klima-hoest/,200,0,none,true,true,false,http://localhost:3000/no/blog/kategori/vores-oliem-lle/hvorfor-olivenolje-endrer-seg-hvert-aar-klima-hoest/,LOCAL_INDEXABLE_200,1,false
local,New Local Project,local-project-sitemap,http://localhost:3000/blog/categoria/il-nostro-frantoio/oleoturismo-degustazioni-frantoio/,/blog/categoria/il-nostro-frantoio/oleoturismo-degustazioni-frantoio/,200,,http://localhost:3000/blog/categoria/il-nostro-frantoio/oleoturismo-degustazioni-frantoio/,/blog/categoria/il-nostro-frantoio/oleoturismo-degustazioni-frantoio/,200,0,none,true,true,false,http://localhost:3000/blog/categoria/il-nostro-frantoio/oleoturismo-degustazioni-frantoio/,LOCAL_INDEXABLE_200,1,false
local,New Local Project,local-project-sitemap,http://localhost:3000/en/blog/category/our-olive-mill/oleotourism-olive-oil-tours-mill-visits/,/en/blog/category/our-olive-mill/oleotourism-olive-oil-tours-mill-visits/,200,,http://localhost:3000/en/blog/category/our-olive-mill/oleotourism-olive-oil-tours-mill-visits/,/en/blog/category/our-olive-mill/oleotourism-olive-oil-tours-mill-visits/,200,0,none,true,true,false,http://localhost:3000/en/blog/category/our-olive-mill/oleotourism-olive-oil-tours-mill-visits/,LOCAL_INDEXABLE_200,1,false
local,New Local Project,local-project-sitemap,http://localhost:3000/de/blog/kategorie/unsere-olmuhle/oleotourismus-oelmuehle-besichtigen-erlebnis/,/de/blog/kategorie/unsere-olmuhle/oleotourismus-oelmuehle-besichtigen-erlebnis/,200,,http://localhost:3000/de/blog/kategorie/unsere-olmuhle/oleotourismus-oelmuehle-besichtigen-erlebnis/,/de/blog/kategorie/unsere-olmuhle/oleotourismus-oelmuehle-besichtigen-erlebnis/,200,0,none,true,true,false,http://localhost:3000/de/blog/kategorie/unsere-olmuhle/oleotourismus-oelmuehle-besichtigen-erlebnis/,LOCAL_INDEXABLE_200,1,false
local,New Local Project,local-project-sitemap,http://localhost:3000/nl/blog/categorie/onze-olijfmolen/oleotoerisme-olijfmolen-bezoeken-ervaring/,/nl/blog/categorie/onze-olijfmolen/oleotoerisme-olijfmolen-bezoeken-ervaring/,200,,http://localhost:3000/nl/blog/categorie/onze-olijfmolen/oleotoerisme-olijfmolen-bezoeken-ervaring/,/nl/blog/categorie/onze-olijfmolen/oleotoerisme-olijfmolen-bezoeken-ervaring/,200,0,none,true,true,false,http://localhost:3000/nl/blog/categorie/onze-olijfmolen/oleotoerisme-olijfmolen-bezoeken-ervaring/,LOCAL_INDEXABLE_200,1,false
local,New Local Project,local-project-sitemap,http://localhost:3000/da/blog/kategori/vores-oliem-lle/olivenolieturisme-besoeg-oliemoelle-oplevelse/,/da/blog/kategori/vores-oliem-lle/olivenolieturisme-besoeg-oliemoelle-oplevelse/,200,,http://localhost:3000/da/blog/kategori/vores-oliem-lle/olivenolieturisme-besoeg-oliemoelle-oplevelse/,/da/blog/kategori/vores-oliem-lle/olivenolieturisme-besoeg-oliemoelle-oplevelse/,200,0,none,true,true,false,http://localhost:3000/da/blog/kategori/vores-oliem-lle/olivenolieturisme-besoeg-oliemoelle-oplevelse/,LOCAL_INDEXABLE_200,1,false
local,New Local Project,local-project-sitemap,http://localhost:3000/no/blog/kategori/vores-oliem-lle/olivenoljeturisme-besoek-oliemoelle-opplevelse/,/no/blog/kategori/vores-oliem-lle/olivenoljeturisme-besoek-oliemoelle-opplevelse/,200,,http://localhost:3000/no/blog/kategori/vores-oliem-lle/olivenoljeturisme-besoek-oliemoelle-opplevelse/,/no/blog/kategori/vores-oliem-lle/olivenoljeturisme-besoek-oliemoelle-opplevelse/,200,0,none,true,true,false,http://localhost:3000/no/blog/kategori/vores-oliem-lle/olivenoljeturisme-besoek-oliemoelle-opplevelse/,LOCAL_INDEXABLE_200,1,false
local,New Local Project,local-project-sitemap,http://localhost:3000/blog/categoria/informazioni-sull-olio-evo/faq-olio-evo/,/blog/categoria/informazioni-sull-olio-evo/faq-olio-evo/,200,,http://localhost:3000/blog/categoria/informazioni-sull-olio-evo/faq-olio-evo/,/blog/categoria/informazioni-sull-olio-evo/faq-olio-evo/,200,0,none,true,true,false,http://localhost:3000/blog/categoria/informazioni-sull-olio-evo/faq-olio-evo/,LOCAL_INDEXABLE_200,1,false
local,New Local Project,local-project-sitemap,http://localhost:3000/en/blog/category/olive-oil-information/extra-virgin-olive-oil-faq-questions/,/en/blog/category/olive-oil-information/extra-virgin-olive-oil-faq-questions/,200,,http://localhost:3000/en/blog/category/olive-oil-information/extra-virgin-olive-oil-faq-questions/,/en/blog/category/olive-oil-information/extra-virgin-olive-oil-faq-questions/,200,0,none,true,true,false,http://localhost:3000/en/blog/category/olive-oil-information/extra-virgin-olive-oil-faq-questions/,LOCAL_INDEXABLE_200,1,false
local,New Local Project,local-project-sitemap,http://localhost:3000/de/blog/kategorie/olivenol-informationen/olivenoel-extra-faq-haeufige-fragen/,/de/blog/kategorie/olivenol-informationen/olivenoel-extra-faq-haeufige-fragen/,200,,http://localhost:3000/de/blog/kategorie/olivenol-informationen/olivenoel-extra-faq-haeufige-fragen/,/de/blog/kategorie/olivenol-informationen/olivenoel-extra-faq-haeufige-fragen/,200,0,none,true,true,false,http://localhost:3000/de/blog/kategorie/olivenol-informationen/olivenoel-extra-faq-haeufige-fragen/,LOCAL_INDEXABLE_200,1,false
local,New Local Project,local-project-sitemap,http://localhost:3000/nl/blog/categorie/olijfolie-informatie/extra-vierge-olijfolie-veelgestelde-vragen-faq/,/nl/blog/categorie/olijfolie-informatie/extra-vierge-olijfolie-veelgestelde-vragen-faq/,200,,http://localhost:3000/nl/blog/categorie/olijfolie-informatie/extra-vierge-olijfolie-veelgestelde-vragen-faq/,/nl/blog/categorie/olijfolie-informatie/extra-vierge-olijfolie-veelgestelde-vragen-faq/,200,0,none,true,true,false,http://localhost:3000/nl/blog/categorie/olijfolie-informatie/extra-vierge-olijfolie-veelgestelde-vragen-faq/,LOCAL_INDEXABLE_200,1,false
local,New Local Project,local-project-sitemap,http://localhost:3000/da/blog/kategori/olivenolie-information/olivenolie-information-extra-virgin-olive-oil-faq-questions/,/da/blog/kategori/olivenolie-information/olivenolie-information-extra-virgin-olive-oil-faq-questions/,200,,http://localhost:3000/da/blog/kategori/olivenolie-information/olivenolie-information-extra-virgin-olive-oil-faq-questions/,/da/blog/kategori/olivenolie-information/olivenolie-information-extra-virgin-olive-oil-faq-questions/,200,0,none,true,true,false,http://localhost:3000/da/blog/kategori/olivenolie-information/olivenolie-information-extra-virgin-olive-oil-faq-questions/,LOCAL_INDEXABLE_200,1,false
local,New Local Project,local-project-sitemap,http://localhost:3000/no/blog/kategori/olivenolje-informasjon/olivenoljefeil-hva-betyr-det/,/no/blog/kategori/olivenolje-informasjon/olivenoljefeil-hva-betyr-det/,200,,http://localhost:3000/no/blog/kategori/olivenolje-informasjon/olivenoljefeil-hva-betyr-det/,/no/blog/kategori/olivenolje-informasjon/olivenoljefeil-hva-betyr-det/,200,0,none,true,true,false,http://localhost:3000/no/blog/kategori/olivenolje-informasjon/olivenoljefeil-hva-betyr-det/,LOCAL_INDEXABLE_200,1,false
local,New Local Project,local-project-sitemap,http://localhost:3000/blog/categoria/chimica-dell-olio-di-oliva/nmr-olio-oliva-analisi/,/blog/categoria/chimica-dell-olio-di-oliva/nmr-olio-oliva-analisi/,200,,http://localhost:3000/blog/categoria/chimica-dell-olio-di-oliva/nmr-olio-oliva-analisi/,/blog/categoria/chimica-dell-olio-di-oliva/nmr-olio-oliva-analisi/,200,0,none,true,true,false,http://localhost:3000/blog/categoria/chimica-dell-olio-di-oliva/nmr-olio-oliva-analisi/,LOCAL_INDEXABLE_200,1,false
local,New Local Project,local-project-sitemap,http://localhost:3000/en/blog/category/olive-oil-chemistry/nmr-spectroscopy-olive-oil-authentication-adulteration/,/en/blog/category/olive-oil-chemistry/nmr-spectroscopy-olive-oil-authentication-adulteration/,200,,http://localhost:3000/en/blog/category/olive-oil-chemistry/nmr-spectroscopy-olive-oil-authentication-adulteration/,/en/blog/category/olive-oil-chemistry/nmr-spectroscopy-olive-oil-authentication-adulteration/,200,0,none,true,true,false,http://localhost:3000/en/blog/category/olive-oil-chemistry/nmr-spectroscopy-olive-oil-authentication-adulteration/,LOCAL_INDEXABLE_200,1,false
local,New Local Project,local-project-sitemap,http://localhost:3000/de/blog/kategorie/olivenolchemie/nmr-spektroskopie-olivenoel-authentifizierung-verfaelschung/,/de/blog/kategorie/olivenolchemie/nmr-spektroskopie-olivenoel-authentifizierung-verfaelschung/,200,,http://localhost:3000/de/blog/kategorie/olivenolchemie/nmr-spektroskopie-olivenoel-authentifizierung-verfaelschung/,/de/blog/kategorie/olivenolchemie/nmr-spektroskopie-olivenoel-authentifizierung-verfaelschung/,200,0,none,true,true,false,http://localhost:3000/de/blog/kategorie/olivenolchemie/nmr-spektroskopie-olivenoel-authentifizierung-verfaelschung/,LOCAL_INDEXABLE_200,1,false
local,New Local Project,local-project-sitemap,http://localhost:3000/nl/blog/categorie/olijfoliechemie/nmr-spectroscopie-olijfolie-authenticatie-adulteratie/,/nl/blog/categorie/olijfoliechemie/nmr-spectroscopie-olijfolie-authenticatie-adulteratie/,200,,http://localhost:3000/nl/blog/categorie/olijfoliechemie/nmr-spectroscopie-olijfolie-authenticatie-adulteratie/,/nl/blog/categorie/olijfoliechemie/nmr-spectroscopie-olijfolie-authenticatie-adulteratie/,200,0,none,true,true,false,http://localhost:3000/nl/blog/categorie/olijfoliechemie/nmr-spectroscopie-olijfolie-authenticatie-adulteratie/,LOCAL_INDEXABLE_200,1,false
local,New Local Project,local-project-sitemap,http://localhost:3000/da/blog/kategori/olivenoliekemi/nmr-spektroskopi-olivenolie-autentificering/,/da/blog/kategori/olivenoliekemi/nmr-spektroskopi-olivenolie-autentificering/,200,,http://localhost:3000/da/blog/kategori/olivenoliekemi/nmr-spektroskopi-olivenolie-autentificering/,/da/blog/kategori/olivenoliekemi/nmr-spektroskopi-olivenolie-autentificering/,200,0,none,true,true,false,http://localhost:3000/da/blog/kategori/olivenoliekemi/nmr-spektroskopi-olivenolie-autentificering/,LOCAL_INDEXABLE_200,1,false
local,New Local Project,local-project-sitemap,http://localhost:3000/no/blog/kategori/olivenoljekjemi/nmr-spektroskopi-olivenolje-autentisering/,/no/blog/kategori/olivenoljekjemi/nmr-spektroskopi-olivenolje-autentisering/,200,,http://localhost:3000/no/blog/kategori/olivenoljekjemi/nmr-spektroskopi-olivenolje-autentisering/,/no/blog/kategori/olivenoljekjemi/nmr-spektroskopi-olivenolje-autentisering/,200,0,none,true,true,false,http://localhost:3000/no/blog/kategori/olivenoljekjemi/nmr-spektroskopi-olivenolje-autentisering/,LOCAL_INDEXABLE_200,1,false
local,New Local Project,local-project-sitemap,http://localhost:3000/blog/categoria/chimica-dell-olio-di-oliva/spettrometria-massa-olio-oliva-gcms-lcms/,/blog/categoria/chimica-dell-olio-di-oliva/spettrometria-massa-olio-oliva-gcms-lcms/,200,,http://localhost:3000/blog/categoria/chimica-dell-olio-di-oliva/spettrometria-massa-olio-oliva-gcms-lcms/,/blog/categoria/chimica-dell-olio-di-oliva/spettrometria-massa-olio-oliva-gcms-lcms/,200,0,none,true,true,false,http://localhost:3000/blog/categoria/chimica-dell-olio-di-oliva/spettrometria-massa-olio-oliva-gcms-lcms/,LOCAL_INDEXABLE_200,1,false
local,New Local Project,local-project-sitemap,http://localhost:3000/en/blog/category/olive-oil-chemistry/olive-oil-mass-spectrometry-gc-ms-lc-ms/,/en/blog/category/olive-oil-chemistry/olive-oil-mass-spectrometry-gc-ms-lc-ms/,200,,http://localhost:3000/en/blog/category/olive-oil-chemistry/olive-oil-mass-spectrometry-gc-ms-lc-ms/,/en/blog/category/olive-oil-chemistry/olive-oil-mass-spectrometry-gc-ms-lc-ms/,200,0,none,true,true,false,http://localhost:3000/en/blog/category/olive-oil-chemistry/olive-oil-mass-spectrometry-gc-ms-lc-ms/,LOCAL_INDEXABLE_200,1,false
local,New Local Project,local-project-sitemap,http://localhost:3000/de/blog/kategorie/olivenolchemie/massenspektrometrie-olivenoel-gcms-lcms/,/de/blog/kategorie/olivenolchemie/massenspektrometrie-olivenoel-gcms-lcms/,200,,http://localhost:3000/de/blog/kategorie/olivenolchemie/massenspektrometrie-olivenoel-gcms-lcms/,/de/blog/kategorie/olivenolchemie/massenspektrometrie-olivenoel-gcms-lcms/,200,0,none,true,true,false,http://localhost:3000/de/blog/kategorie/olivenolchemie/massenspektrometrie-olivenoel-gcms-lcms/,LOCAL_INDEXABLE_200,1,false
local,New Local Project,local-project-sitemap,http://localhost:3000/nl/blog/categorie/olijfoliechemie/massaspectrometrie-olijfolie-gcms-lcms/,/nl/blog/categorie/olijfoliechemie/massaspectrometrie-olijfolie-gcms-lcms/,200,,http://localhost:3000/nl/blog/categorie/olijfoliechemie/massaspectrometrie-olijfolie-gcms-lcms/,/nl/blog/categorie/olijfoliechemie/massaspectrometrie-olijfolie-gcms-lcms/,200,0,none,true,true,false,http://localhost:3000/nl/blog/categorie/olijfoliechemie/massaspectrometrie-olijfolie-gcms-lcms/,LOCAL_INDEXABLE_200,1,false
local,New Local Project,local-project-sitemap,http://localhost:3000/da/blog/kategori/olivenoliekemi/massespektrometri-olivenolie-gc-ms-lc-ms/,/da/blog/kategori/olivenoliekemi/massespektrometri-olivenolie-gc-ms-lc-ms/,200,,http://localhost:3000/da/blog/kategori/olivenoliekemi/massespektrometri-olivenolie-gc-ms-lc-ms/,/da/blog/kategori/olivenoliekemi/massespektrometri-olivenolie-gc-ms-lc-ms/,200,0,none,true,true,false,http://localhost:3000/da/blog/kategori/olivenoliekemi/massespektrometri-olivenolie-gc-ms-lc-ms/,LOCAL_INDEXABLE_200,1,false
local,New Local Project,local-project-sitemap,http://localhost:3000/no/blog/kategori/olivenoljekjemi/massespektrometri-olivenolje-gc-ms-lc-ms/,/no/blog/kategori/olivenoljekjemi/massespektrometri-olivenolje-gc-ms-lc-ms/,200,,http://localhost:3000/no/blog/kategori/olivenoljekjemi/massespektrometri-olivenolje-gc-ms-lc-ms/,/no/blog/kategori/olivenoljekjemi/massespektrometri-olivenolje-gc-ms-lc-ms/,200,0,none,true,true,false,http://localhost:3000/no/blog/kategori/olivenoljekjemi/massespektrometri-olivenolje-gc-ms-lc-ms/,LOCAL_INDEXABLE_200,1,false
local,New Local Project,local-project-sitemap,http://localhost:3000/blog/categoria/chimica-dell-olio-di-oliva/metodi-iso-analisi-olio-oliva/,/blog/categoria/chimica-dell-olio-di-oliva/metodi-iso-analisi-olio-oliva/,200,,http://localhost:3000/blog/categoria/chimica-dell-olio-di-oliva/metodi-iso-analisi-olio-oliva/,/blog/categoria/chimica-dell-olio-di-oliva/metodi-iso-analisi-olio-oliva/,200,0,none,true,true,false,http://localhost:3000/blog/categoria/chimica-dell-olio-di-oliva/metodi-iso-analisi-olio-oliva/,LOCAL_INDEXABLE_200,1,false
local,New Local Project,local-project-sitemap,http://localhost:3000/en/blog/category/olive-oil-chemistry/iso-methods-olive-oil-analysis-guide/,/en/blog/category/olive-oil-chemistry/iso-methods-olive-oil-analysis-guide/,200,,http://localhost:3000/en/blog/category/olive-oil-chemistry/iso-methods-olive-oil-analysis-guide/,/en/blog/category/olive-oil-chemistry/iso-methods-olive-oil-analysis-guide/,200,0,none,true,true,false,http://localhost:3000/en/blog/category/olive-oil-chemistry/iso-methods-olive-oil-analysis-guide/,LOCAL_INDEXABLE_200,1,false
local,New Local Project,local-project-sitemap,http://localhost:3000/de/blog/kategorie/olivenolchemie/iso-methoden-olivenoel-analyse-leitfaden/,/de/blog/kategorie/olivenolchemie/iso-methoden-olivenoel-analyse-leitfaden/,200,,http://localhost:3000/de/blog/kategorie/olivenolchemie/iso-methoden-olivenoel-analyse-leitfaden/,/de/blog/kategorie/olivenolchemie/iso-methoden-olivenoel-analyse-leitfaden/,200,0,none,true,true,false,http://localhost:3000/de/blog/kategorie/olivenolchemie/iso-methoden-olivenoel-analyse-leitfaden/,LOCAL_INDEXABLE_200,1,false
local,New Local Project,local-project-sitemap,http://localhost:3000/nl/blog/categorie/olijfoliechemie/iso-methoden-olijfolie-analyse-gids/,/nl/blog/categorie/olijfoliechemie/iso-methoden-olijfolie-analyse-gids/,200,,http://localhost:3000/nl/blog/categorie/olijfoliechemie/iso-methoden-olijfolie-analyse-gids/,/nl/blog/categorie/olijfoliechemie/iso-methoden-olijfolie-analyse-gids/,200,0,none,true,true,false,http://localhost:3000/nl/blog/categorie/olijfoliechemie/iso-methoden-olijfolie-analyse-gids/,LOCAL_INDEXABLE_200,1,false
local,New Local Project,local-project-sitemap,http://localhost:3000/da/blog/kategori/olivenoliekemi/iso-metoder-til-olivenolieanalyse-guide/,/da/blog/kategori/olivenoliekemi/iso-metoder-til-olivenolieanalyse-guide/,200,,http://localhost:3000/da/blog/kategori/olivenoliekemi/iso-metoder-til-olivenolieanalyse-guide/,/da/blog/kategori/olivenoliekemi/iso-metoder-til-olivenolieanalyse-guide/,200,0,none,true,true,false,http://localhost:3000/da/blog/kategori/olivenoliekemi/iso-metoder-til-olivenolieanalyse-guide/,LOCAL_INDEXABLE_200,1,false
local,New Local Project,local-project-sitemap,http://localhost:3000/no/blog/kategori/olivenoljekjemi/iso-metoder-for-olivenoljeanalyse-guide/,/no/blog/kategori/olivenoljekjemi/iso-metoder-for-olivenoljeanalyse-guide/,200,,http://localhost:3000/no/blog/kategori/olivenoljekjemi/iso-metoder-for-olivenoljeanalyse-guide/,/no/blog/kategori/olivenoljekjemi/iso-metoder-for-olivenoljeanalyse-guide/,200,0,none,true,true,false,http://localhost:3000/no/blog/kategori/olivenoljekjemi/iso-metoder-for-olivenoljeanalyse-guide/,LOCAL_INDEXABLE_200,1,false
local,New Local Project,local-legacy-redirects,http://localhost:3000/portfolio-item/wine-shop/,/portfolio-item/wine-shop/,301,/shop/vino-vittoria/,http://localhost:3000/shop/vino-vittoria/,/shop/vino-vittoria/,200,1,permanent,false,true,false,http://localhost:3000/shop/vino-vittoria/,LOCAL_REDIRECT_301_OK,2,false
local,New Local Project,local-legacy-redirects,http://localhost:3000/portfolio-item/wine-shop-2/,/portfolio-item/wine-shop-2/,301,/shop/vino-vittoria/,http://localhost:3000/shop/vino-vittoria/,/shop/vino-vittoria/,200,1,permanent,false,true,false,http://localhost:3000/shop/vino-vittoria/,LOCAL_REDIRECT_301_OK,2,false
local,New Local Project,local-legacy-redirects,http://localhost:3000/portfolio-item/wine-shop-4/,/portfolio-item/wine-shop-4/,301,/shop/vino-vittoria/,http://localhost:3000/shop/vino-vittoria/,/shop/vino-vittoria/,200,1,permanent,false,true,false,http://localhost:3000/shop/vino-vittoria/,LOCAL_REDIRECT_301_OK,2,false
local,New Local Project,local-legacy-redirects,http://localhost:3000/portfolio-item/wine-club/,/portfolio-item/wine-club/,301,/shop/vino-vittoria/,http://localhost:3000/shop/vino-vittoria/,/shop/vino-vittoria/,200,1,permanent,false,true,false,http://localhost:3000/shop/vino-vittoria/,LOCAL_REDIRECT_301_OK,2,false
local,New Local Project,local-legacy-redirects,http://localhost:3000/portfolio-item/wine-club-2/,/portfolio-item/wine-club-2/,301,/shop/vino-vittoria/,http://localhost:3000/shop/vino-vittoria/,/shop/vino-vittoria/,200,1,permanent,false,true,false,http://localhost:3000/shop/vino-vittoria/,LOCAL_REDIRECT_301_OK,2,false
local,New Local Project,local-legacy-redirects,http://localhost:3000/portfolio-item/wine-club-3/,/portfolio-item/wine-club-3/,301,/shop/vino-vittoria/,http://localhost:3000/shop/vino-vittoria/,/shop/vino-vittoria/,200,1,permanent,false,true,false,http://localhost:3000/shop/vino-vittoria/,LOCAL_REDIRECT_301_OK,2,false
local,New Local Project,local-legacy-redirects,http://localhost:3000/portfolio-item/red-wine/,/portfolio-item/red-wine/,301,/shop/vino-vittoria/,http://localhost:3000/shop/vino-vittoria/,/shop/vino-vittoria/,200,1,permanent,false,true,false,http://localhost:3000/shop/vino-vittoria/,LOCAL_REDIRECT_301_OK,2,false
local,New Local Project,local-legacy-redirects,http://localhost:3000/portfolio-item/red-wine-2/,/portfolio-item/red-wine-2/,301,/shop/vino-vittoria/,http://localhost:3000/shop/vino-vittoria/,/shop/vino-vittoria/,200,1,permanent,false,true,false,http://localhost:3000/shop/vino-vittoria/,LOCAL_REDIRECT_301_OK,2,false
local,New Local Project,local-legacy-redirects,http://localhost:3000/portfolio-item/red-wine-3/,/portfolio-item/red-wine-3/,301,/shop/vino-vittoria/,http://localhost:3000/shop/vino-vittoria/,/shop/vino-vittoria/,200,1,permanent,false,true,false,http://localhost:3000/shop/vino-vittoria/,LOCAL_REDIRECT_301_OK,2,false
local,New Local Project,local-legacy-redirects,http://localhost:3000/portfolio-item/white-wine/,/portfolio-item/white-wine/,301,/shop/vino-vittoria/,http://localhost:3000/shop/vino-vittoria/,/shop/vino-vittoria/,200,1,permanent,false,true,false,http://localhost:3000/shop/vino-vittoria/,LOCAL_REDIRECT_301_OK,2,false
local,New Local Project,local-legacy-redirects,http://localhost:3000/portfolio-item/white-wine-3/,/portfolio-item/white-wine-3/,301,/shop/vino-vittoria/,http://localhost:3000/shop/vino-vittoria/,/shop/vino-vittoria/,200,1,permanent,false,true,false,http://localhost:3000/shop/vino-vittoria/,LOCAL_REDIRECT_301_OK,2,false
local,New Local Project,local-legacy-redirects,http://localhost:3000/portfolio-item/white-wine-4/,/portfolio-item/white-wine-4/,301,/shop/vino-vittoria/,http://localhost:3000/shop/vino-vittoria/,/shop/vino-vittoria/,200,1,permanent,false,true,false,http://localhost:3000/shop/vino-vittoria/,LOCAL_REDIRECT_301_OK,2,false
local,New Local Project,local-legacy-redirects,http://localhost:3000/portfolio-item/white-wine-4-2/,/portfolio-item/white-wine-4-2/,301,/shop/vino-vittoria/,http://localhost:3000/shop/vino-vittoria/,/shop/vino-vittoria/,200,1,permanent,false,true,false,http://localhost:3000/shop/vino-vittoria/,LOCAL_REDIRECT_301_OK,2,false
local,New Local Project,local-legacy-redirects,http://localhost:3000/portfolio-item/desert-wine/,/portfolio-item/desert-wine/,301,/shop/vino-vittoria/,http://localhost:3000/shop/vino-vittoria/,/shop/vino-vittoria/,200,1,permanent,false,true,false,http://localhost:3000/shop/vino-vittoria/,LOCAL_REDIRECT_301_OK,2,false
local,New Local Project,local-legacy-redirects,http://localhost:3000/portfolio-item/desert-wine-2/,/portfolio-item/desert-wine-2/,301,/shop/vino-vittoria/,http://localhost:3000/shop/vino-vittoria/,/shop/vino-vittoria/,200,1,permanent,false,true,false,http://localhost:3000/shop/vino-vittoria/,LOCAL_REDIRECT_301_OK,2,false
local,New Local Project,local-legacy-redirects,http://localhost:3000/portfolio-item/desert-wine-3/,/portfolio-item/desert-wine-3/,301,/shop/vino-vittoria/,http://localhost:3000/shop/vino-vittoria/,/shop/vino-vittoria/,200,1,permanent,false,true,false,http://localhost:3000/shop/vino-vittoria/,LOCAL_REDIRECT_301_OK,2,false
local,New Local Project,local-legacy-redirects,http://localhost:3000/portfolio-item/desert-wine-3-2/,/portfolio-item/desert-wine-3-2/,301,/shop/vino-vittoria/,http://localhost:3000/shop/vino-vittoria/,/shop/vino-vittoria/,200,1,permanent,false,true,false,http://localhost:3000/shop/vino-vittoria/,LOCAL_REDIRECT_301_OK,2,false
local,New Local Project,local-legacy-redirects,http://localhost:3000/portfolio-item/green-wine/,/portfolio-item/green-wine/,301,/shop/vino-vittoria/,http://localhost:3000/shop/vino-vittoria/,/shop/vino-vittoria/,200,1,permanent,false,true,false,http://localhost:3000/shop/vino-vittoria/,LOCAL_REDIRECT_301_OK,2,false
local,New Local Project,local-legacy-redirects,http://localhost:3000/portfolio-item/green-wine-2/,/portfolio-item/green-wine-2/,301,/shop/vino-vittoria/,http://localhost:3000/shop/vino-vittoria/,/shop/vino-vittoria/,200,1,permanent,false,true,false,http://localhost:3000/shop/vino-vittoria/,LOCAL_REDIRECT_301_OK,2,false
local,New Local Project,local-legacy-redirects,http://localhost:3000/portfolio-item/the-winery/,/portfolio-item/the-winery/,301,/produzione/,http://localhost:3000/produzione/,/produzione/,200,1,permanent,false,true,false,http://localhost:3000/produzione/,LOCAL_REDIRECT_301_OK,2,false
local,New Local Project,local-legacy-redirects,http://localhost:3000/portfolio-item/the-winery-2/,/portfolio-item/the-winery-2/,301,/produzione/,http://localhost:3000/produzione/,/produzione/,200,1,permanent,false,true,false,http://localhost:3000/produzione/,LOCAL_REDIRECT_301_OK,2,false
local,New Local Project,local-legacy-redirects,http://localhost:3000/portfolio-item/the-winery-3/,/portfolio-item/the-winery-3/,301,/produzione/,http://localhost:3000/produzione/,/produzione/,200,1,permanent,false,true,false,http://localhost:3000/produzione/,LOCAL_REDIRECT_301_OK,2,false
local,New Local Project,local-legacy-redirects,http://localhost:3000/portfolio-item/wineyards/,/portfolio-item/wineyards/,301,/storia/,http://localhost:3000/storia/,/storia/,200,1,permanent,false,true,false,http://localhost:3000/storia/,LOCAL_REDIRECT_301_OK,2,false
local,New Local Project,local-legacy-redirects,http://localhost:3000/portfolio-item/wineyards-2/,/portfolio-item/wineyards-2/,301,/storia/,http://localhost:3000/storia/,/storia/,200,1,permanent,false,true,false,http://localhost:3000/storia/,LOCAL_REDIRECT_301_OK,2,false
local,New Local Project,local-legacy-redirects,http://localhost:3000/portfolio-item/wineyards-3/,/portfolio-item/wineyards-3/,301,/storia/,http://localhost:3000/storia/,/storia/,200,1,permanent,false,true,false,http://localhost:3000/storia/,LOCAL_REDIRECT_301_OK,2,false
local,New Local Project,local-legacy-redirects,http://localhost:3000/product/olio-extravergine-di-oliva-evo/,/product/olio-extravergine-di-oliva-evo/,301,/shop/evo/,http://localhost:3000/shop/evo/,/shop/evo/,200,1,permanent,false,true,false,http://localhost:3000/shop/evo/,LOCAL_REDIRECT_301_OK,2,false
local,New Local Project,local-legacy-redirects,http://localhost:3000/product/olio-extravergine-di-oliva-fruttato-medio-100-italiano/,/product/olio-extravergine-di-oliva-fruttato-medio-100-italiano/,301,/shop/fruttato-medio/,http://localhost:3000/shop/fruttato-medio/,/shop/fruttato-medio/,200,1,permanent,false,true,false,http://localhost:3000/shop/fruttato-medio/,LOCAL_REDIRECT_301_OK,2,false
local,New Local Project,local-legacy-redirects,http://localhost:3000/product/olio-extravergine-di-oliva-fruttato-intenso-100-italiano/,/product/olio-extravergine-di-oliva-fruttato-intenso-100-italiano/,301,/shop/fruttato-intenso/,http://localhost:3000/shop/fruttato-intenso/,/shop/fruttato-intenso/,200,1,permanent,false,true,false,http://localhost:3000/shop/fruttato-intenso/,LOCAL_REDIRECT_301_OK,2,false
local,New Local Project,local-legacy-redirects,http://localhost:3000/product/olio-aromatizzato-al-tartufo/,/product/olio-aromatizzato-al-tartufo/,301,/shop/tartufo/,http://localhost:3000/shop/tartufo/,/shop/tartufo/,200,1,permanent,false,true,false,http://localhost:3000/shop/tartufo/,LOCAL_REDIRECT_301_OK,2,false
local,New Local Project,local-legacy-redirects,http://localhost:3000/product/olio-aromatico-al-peperoncino/,/product/olio-aromatico-al-peperoncino/,301,/shop/peperoncino/,http://localhost:3000/shop/peperoncino/,/shop/peperoncino/,200,1,permanent,false,true,false,http://localhost:3000/shop/peperoncino/,LOCAL_REDIRECT_301_OK,2,false
local,New Local Project,local-legacy-redirects,http://localhost:3000/product/olio-aromatico-al-limone/,/product/olio-aromatico-al-limone/,301,/shop/,http://localhost:3000/shop/,/shop/,200,1,permanent,false,true,false,http://localhost:3000/shop/,LOCAL_REDIRECT_301_OK,2,false
local,New Local Project,local-legacy-redirects,http://localhost:3000/product-category/aromatici/,/product-category/aromatici/,301,/shop/,http://localhost:3000/shop/,/shop/,200,1,permanent,false,true,false,http://localhost:3000/shop/,LOCAL_REDIRECT_301_OK,2,false
local,New Local Project,local-legacy-redirects,http://localhost:3000/product-category/magnifico/,/product-category/magnifico/,301,/shop/,http://localhost:3000/shop/,/shop/,200,1,permanent,false,true,false,http://localhost:3000/shop/,LOCAL_REDIRECT_301_OK,2,false
local,New Local Project,local-legacy-redirects,http://localhost:3000/zblog-list-2/,/zblog-list-2/,301,/blog/,http://localhost:3000/blog/,/blog/,200,1,permanent,false,true,false,http://localhost:3000/blog/,LOCAL_REDIRECT_301_OK,2,false
local,New Local Project,local-technical-routes,http://localhost:3000/cart/,/cart/,301,/carrello/,http://localhost:3000/carrello/,/carrello/,200,1,permanent,false,false,true,,LOCAL_TECHNICAL_NOINDEX_OK,2,false
local,New Local Project,local-technical-routes,http://localhost:3000/carrello/,/carrello/,200,,http://localhost:3000/carrello/,/carrello/,200,0,none,false,false,true,,LOCAL_TECHNICAL_NOINDEX_OK,1,false
local,New Local Project,local-technical-routes,http://localhost:3000/checkout/,/checkout/,200,,http://localhost:3000/checkout/,/checkout/,200,0,none,false,false,true,,LOCAL_TECHNICAL_NOINDEX_OK,1,false
local,New Local Project,local-technical-routes,http://localhost:3000/my-account/,/my-account/,200,,http://localhost:3000/my-account/,/my-account/,200,0,none,false,false,true,,LOCAL_TECHNICAL_NOINDEX_OK,1,false
local,New Local Project,local-technical-routes,http://localhost:3000/en/cart/,/en/cart/,200,,http://localhost:3000/en/cart/,/en/cart/,200,0,none,false,false,true,,LOCAL_TECHNICAL_NOINDEX_OK,1,false
local,New Local Project,local-technical-routes,http://localhost:3000/de/warenkorb/,/de/warenkorb/,200,,http://localhost:3000/de/warenkorb/,/de/warenkorb/,200,0,none,false,false,true,,LOCAL_TECHNICAL_NOINDEX_OK,1,false
local,New Local Project,local-technical-routes,http://localhost:3000/nl/winkelwagen/,/nl/winkelwagen/,200,,http://localhost:3000/nl/winkelwagen/,/nl/winkelwagen/,200,0,none,false,false,true,,LOCAL_TECHNICAL_NOINDEX_OK,1,false
local,New Local Project,local-technical-routes,http://localhost:3000/da/kurv/,/da/kurv/,200,,http://localhost:3000/da/kurv/,/da/kurv/,200,0,none,false,false,true,,LOCAL_TECHNICAL_NOINDEX_OK,1,false
local,New Local Project,local-technical-routes,http://localhost:3000/no/handlekurv/,/no/handlekurv/,200,,http://localhost:3000/no/handlekurv/,/no/handlekurv/,200,0,none,false,false,true,,LOCAL_TECHNICAL_NOINDEX_OK,1,false
local,New Local Project,local-technical-routes,http://localhost:3000/en/checkout/,/en/checkout/,200,,http://localhost:3000/en/checkout/,/en/checkout/,200,0,none,false,false,true,,LOCAL_TECHNICAL_NOINDEX_OK,1,false
local,New Local Project,local-technical-routes,http://localhost:3000/de/checkout/,/de/checkout/,200,,http://localhost:3000/de/checkout/,/de/checkout/,200,0,none,false,false,true,,LOCAL_TECHNICAL_NOINDEX_OK,1,false
local,New Local Project,local-technical-routes,http://localhost:3000/nl/checkout/,/nl/checkout/,200,,http://localhost:3000/nl/checkout/,/nl/checkout/,200,0,none,false,false,true,,LOCAL_TECHNICAL_NOINDEX_OK,1,false
local,New Local Project,local-technical-routes,http://localhost:3000/da/checkout/,/da/checkout/,200,,http://localhost:3000/da/checkout/,/da/checkout/,200,0,none,false,false,true,,LOCAL_TECHNICAL_NOINDEX_OK,1,false
local,New Local Project,local-technical-routes,http://localhost:3000/no/checkout/,/no/checkout/,200,,http://localhost:3000/no/checkout/,/no/checkout/,200,0,none,false,false,true,,LOCAL_TECHNICAL_NOINDEX_OK,1,false
local,New Local Project,local-technical-routes,http://localhost:3000/en/my-account/,/en/my-account/,200,,http://localhost:3000/en/my-account/,/en/my-account/,200,0,none,false,false,true,,LOCAL_TECHNICAL_NOINDEX_OK,1,false
local,New Local Project,local-technical-routes,http://localhost:3000/de/my-account/,/de/my-account/,200,,http://localhost:3000/de/my-account/,/de/my-account/,200,0,none,false,false,true,,LOCAL_TECHNICAL_NOINDEX_OK,1,false
local,New Local Project,local-technical-routes,http://localhost:3000/nl/my-account/,/nl/my-account/,200,,http://localhost:3000/nl/my-account/,/nl/my-account/,200,0,none,false,false,true,,LOCAL_TECHNICAL_NOINDEX_OK,1,false
local,New Local Project,local-technical-routes,http://localhost:3000/da/my-account/,/da/my-account/,200,,http://localhost:3000/da/my-account/,/da/my-account/,200,0,none,false,false,true,,LOCAL_TECHNICAL_NOINDEX_OK,1,false
local,New Local Project,local-technical-routes,http://localhost:3000/no/my-account/,/no/my-account/,200,,http://localhost:3000/no/my-account/,/no/my-account/,200,0,none,false,false,true,,LOCAL_TECHNICAL_NOINDEX_OK,1,false
